ts,latitude,longitude,satellites
42.17,39.38622283935547,-8.273818016052246,0
42.37,39.38625717163086,-8.273797035217285,3
42.57,39.38628387451172,-8.273792266845703,3
42.77,39.38631820678711,-8.273783683776855,3
43.17,39.38636779785156,-8.27376651763916,3
43.37,39.38638687133789,-8.273771286010742,3
43.57,39.38639831542969,-8.273788452148438,4
43.77,39.386409759521484,-8.273797988891602,3
44.17,39.386436462402344,-8.273805618286133,3
44.37,39.38644790649414,-8.273812294006348,3
44.57,39.38645553588867,-8.273821830749512,3
44.77,39.3864631652832,-8.27383041381836,3
45.17,39.386470794677734,-8.273809432983398,3
45.37,39.386470794677734,-8.27379322052002,3
45.57,39.386474609375,-8.273778915405273,3
45.77,39.386478424072266,-8.273777961730957,3
46.07,39.38648223876953,-8.273750305175781,3
46.17,39.3864860534668,-8.273733139038086,4
46.37,39.3864860534668,-8.273723602294922,3
46.57,39.38648223876953,-8.273716926574707,3
46.77,39.38649368286133,-8.273710250854492,3
46.97,39.38650131225586,-8.273707389831543,3
47.17,39.386512756347656,-8.273703575134277,3
47.37,39.38652038574219,-8.273699760437012,3
47.57,39.386531829833984,-8.273695945739746,3
47.77,39.38655090332031,-8.273694038391113,3
47.97,39.386566162109375,-8.273694038391113,3
48.17,39.38658142089844,-8.273688316345215,3
48.37,39.3865966796875,-8.273680686950684,3
48.57,39.38661575317383,-8.273675918579102,3
48.77,39.38662338256836,-8.273675918579102,3
48.97,39.386634826660156,-8.273674964904785,3
49.17,39.38663864135742,-8.273675918579102,3
49.37,39.38664627075195,-8.27367877960205,3
49.57,39.38665771484375,-8.273677825927734,3
49.77,39.38666534423828,-8.273679733276367,3
50.37,39.38669204711914,-8.273680686950684,4
50.57,39.38669967651367,-8.273693084716797,4
50.77,39.38671875,-8.273703575134277,4
51.17,39.386756896972656,-8.273717880249023,4
51.37,39.38677215576172,-8.273719787597656,4
51.57,39.38678741455078,-8.273722648620605,4
51.77,39.386810302734375,-8.273727416992188,4
51.97,39.38682174682617,-8.273733139038086,4
52.17,39.386837005615234,-8.273738861083984,4
52.37,39.3868522644043,-8.2737455368042,3
52.57,39.386871337890625,-8.27375316619873,3
52.77,39.38689041137695,-8.273758888244629,3
53.17,39.386924743652344,-8.27375316619873,3
53.37,39.38694381713867,-8.273738861083984,3
53.57,39.386966705322266,-8.273724555969238,3
53.77,39.386985778808594,-8.273713111877441,3
54.37,39.38705062866211,-8.273689270019531,4
54.57,39.38706970214844,-8.27369499206543,4
54.77,39.387081146240234,-8.273720741271973,5
55.17,39.3870849609375,-8.273717880249023,4
55.37,39.38706970214844,-8.273764610290527,0
55.57,39.3870964050293,-8.273754119873047,3
55.77,39.3870964050293,-8.273754119873047,4
59.17,39.3870964050293,-8.273754119873047,5
60.57,39.38800048828125,-8.285588264465332,5
60.77,39.38802719116211,-8.28555965423584,5
61.17,39.38805389404297,-8.285510063171387,4
61.37,39.388065338134766,-8.285483360290527,5
61.57,39.38807678222656,-8.285457611083984,5
61.77,39.388092041015625,-8.285438537597656,4
62.37,39.38813781738281,-8.285416603088379,4
62.57,39.388160705566406,-8.285417556762695,4
62.77,39.38818359375,-8.285416603088379,4
63.17,39.388240814208984,-8.285381317138672,4
63.37,39.388275146484375,-8.285368919372559,4
63.57,39.388309478759766,-8.285354614257812,6
63.77,39.388343811035156,-8.285346031188965,6
63.87,39.388343811035156,-8.285346031188965,5
64.17,39.388404846191406,-8.28532886505127,5
64.37,39.38841247558594,-8.285324096679688,5
64.57,39.388427734375,-8.285306930541992,6
64.77,39.3884391784668,-8.285290718078613,6
64.97,39.38845443725586,-8.285282135009766,6
65.17,39.38846969604492,-8.285271644592285,6
65.37,39.388484954833984,-8.285252571105957,6
65.57,39.38849639892578,-8.285236358642578,6
65.77,39.38850784301758,-8.285225868225098,6
65.87,39.38850784301758,-8.285225868225098,6
65.97,39.38852310180664,-8.2852144241333,6
66.17,39.3885383605957,-8.285202026367188,6
66.37,39.388553619384766,-8.28519344329834,6
66.57,39.38856506347656,-8.285181045532227,6
66.77,39.388587951660156,-8.285162925720215,6
66.97,39.388607025146484,-8.285148620605469,6
67.17,39.38862228393555,-8.285130500793457,6
67.37,39.388641357421875,-8.285113334655762,6
67.57,39.388648986816406,-8.285097122192383,6
67.77,39.3886604309082,-8.285080909729004,6
67.87,39.3886604309082,-8.285080909729004,6
67.97,39.388675689697266,-8.285067558288574,6
68.17,39.3886833190918,-8.285063743591309,6
68.37,39.38869857788086,-8.285054206848145,6
68.57,39.388710021972656,-8.28504467010498,6
68.77,39.38872146606445,-8.285033226013184,6
69.17,39.38875961303711,-8.285016059875488,6
69.37,39.38877868652344,-8.285004615783691,6
69.57,39.388797760009766,-8.284996032714844,6
69.77,39.388816833496094,-8.28498363494873,6
69.87,39.388816833496094,-8.28498363494873,6
69.97,39.38883590698242,-8.284969329833984,6
70.17,39.388851165771484,-8.284952163696289,6
70.37,39.38886260986328,-8.284934043884277,6
70.57,39.38888168334961,-8.284915924072266,6
70.77,39.388893127441406,-8.284896850585938,6
70.97,39.38890838623047,-8.28487491607666,6
71.17,39.388912200927734,-8.284854888916016,6
71.37,39.38892364501953,-8.284836769104004,6
71.57,39.38893508911133,-8.284820556640625,6
71.77,39.388946533203125,-8.284807205200195,6
71.87,39.388946533203125,-8.284807205200195,6
71.97,39.38895797729492,-8.284794807434082,6
72.17,39.38896942138672,-8.284781455993652,6
72.37,39.388980865478516,-8.284769058227539,6
72.57,39.38899230957031,-8.284759521484375,6
72.77,39.389007568359375,-8.284749031066895,6
73.17,39.3890380859375,-8.284725189208984,6
73.37,39.38905334472656,-8.284709930419922,6
73.57,39.389076232910156,-8.284690856933594,6
73.77,39.38909149169922,-8.284675598144531,5
73.87,39.38909149169922,-8.284675598144531,5
74.07,39.38910675048828,-8.28465747833252,5
74.17,39.389122009277344,-8.284640312194824,5
74.37,39.389137268066406,-8.284621238708496,5
74.57,39.38915252685547,-8.2846040725708,5
74.77,39.38916778564453,-8.284588813781738,5
75.17,39.389198303222656,-8.284557342529297,5
75.37,39.389217376708984,-8.284543991088867,5
75.57,39.38923645019531,-8.284524917602539,5
75.77,39.38925552368164,-8.284500122070312,5
75.87,39.38925552368164,-8.284500122070312,6
76.07,39.389278411865234,-8.284480094909668,6
76.37,39.389320373535156,-8.284451484680176,6
76.57,39.389339447021484,-8.284430503845215,6
76.77,39.38935852050781,-8.284408569335938,6
77.17,39.3893928527832,-8.284364700317383,6
77.37,39.389408111572266,-8.284343719482422,6
77.57,39.38941955566406,-8.284327507019043,6
77.77,39.389427185058594,-8.284317970275879,6
77.87,39.389427185058594,-8.284317970275879,5
78.17,39.38944625854492,-8.284287452697754,5
78.37,39.38945770263672,-8.284271240234375,5
78.57,39.38946533203125,-8.284259796142578,6
78.77,39.38947677612305,-8.284247398376465,6
79.17,39.38949966430664,-8.284224510192871,6
79.37,39.38951110839844,-8.284215927124023,6
79.57,39.3895263671875,-8.284209251403809,6
79.77,39.38953399658203,-8.284201622009277,6
79.87,39.38953399658203,-8.284201622009277,5
79.97,39.38955307006836,-8.284192085266113,5
80.17,39.38956832885742,-8.2841796875,5
80.37,39.38958740234375,-8.284173965454102,5
80.57,39.38959503173828,-8.284171104431152,6
80.77,39.389610290527344,-8.28415298461914,6
80.97,39.389625549316406,-8.28412914276123,5
81.17,39.38964080810547,-8.284098625183105,5
81.37,39.389644622802734,-8.284059524536133,5
81.57,39.38966369628906,-8.284040451049805,5
81.77,39.389686584472656,-8.284024238586426,5
81.87,39.389686584472656,-8.284024238586426,5
82.17,39.38972091674805,-8.283980369567871,5
82.37,39.389739990234375,-8.283954620361328,5
82.57,39.38975143432617,-8.283935546875,5
82.77,39.389766693115234,-8.283917427062988,5
83.17,39.3897819519043,-8.28390121459961,5
83.27,39.38979721069336,-8.283885955810547,5
83.37,39.38981628417969,-8.283869743347168,6
83.57,39.389835357666016,-8.283856391906738,6
83.77,39.38985061645508,-8.283838272094727,6
83.87,39.38985061645508,-8.283838272094727,6
83.97,39.38986587524414,-8.283823013305664,6
84.37,39.38990020751953,-8.283791542053223,6
84.57,39.38991928100586,-8.283772468566895,6
84.77,39.38993453979492,-8.283761978149414,6
84.97,39.38995361328125,-8.283748626708984,6
85.17,39.38997268676758,-8.28372859954834,6
85.37,39.389991760253906,-8.283712387084961,6
85.57,39.390010833740234,-8.283697128295898,6
85.77,39.39003372192383,-8.283670425415039,6
85.87,39.39003372192383,-8.283670425415039,6
86.17,39.39006423950195,-8.283629417419434,6
86.37,39.390079498291016,-8.283609390258789,6
86.57,39.39009475708008,-8.283591270446777,6
86.77,39.39011764526367,-8.283574104309082,6
86.97,39.39013671875,-8.283556938171387,6
87.17,39.39015579223633,-8.283539772033691,6
87.37,39.39017868041992,-8.283520698547363,6
87.57,39.39019775390625,-8.28349781036377,6
87.77,39.390220642089844,-8.283476829528809,6
87.87,39.390220642089844,-8.283476829528809,6
87.97,39.39023971557617,-8.283452987670898,6
88.17,39.3902587890625,-8.283426284790039,6
88.37,39.390281677246094,-8.283402442932129,6
88.57,39.39030075073242,-8.283378601074219,6
88.77,39.390316009521484,-8.283353805541992,6
88.97,39.39033126831055,-8.283327102661133,6
89.17,39.39034652709961,-8.283304214477539,6
89.37,39.39036560058594,-8.28328800201416,6
89.57,39.390380859375,-8.283262252807617,6
89.77,39.39039611816406,-8.283235549926758,6
89.87,39.39039611816406,-8.283235549926758,6
90.17,39.390419006347656,-8.283196449279785,6
90.37,39.39043045043945,-8.283178329467773,6
90.57,39.39044189453125,-8.283160209655762,6
90.77,39.39045333862305,-8.283150672912598,6
90.97,39.39045333862305,-8.283150672912598,6
91.17,39.390472412109375,-8.283132553100586,6
91.37,39.39048767089844,-8.283122062683105,6
91.57,39.390499114990234,-8.283116340637207,6
91.77,39.39051055908203,-8.283114433288574,6
91.87,39.39051055908203,-8.283114433288574,6
92.17,39.39054870605469,-8.283064842224121,6
92.37,39.390567779541016,-8.28304672241211,6
92.57,39.390586853027344,-8.283025741577148,6
92.77,39.390602111816406,-8.28300666809082,6
93.17,39.3906364440918,-8.282968521118164,6
93.37,39.390655517578125,-8.282950401306152,6
93.57,39.39067459106445,-8.28293228149414,6
93.77,39.39069366455078,-8.282912254333496,6
93.87,39.39069366455078,-8.282912254333496,5
94.17,39.390724182128906,-8.282870292663574,5
94.37,39.390743255615234,-8.282846450805664,5
94.57,39.3907585144043,-8.28282356262207,5
94.77,39.39077377319336,-8.28280258178711,5
95.17,39.390804290771484,-8.282756805419922,5
95.37,39.39081954956055,-8.282734870910645,5
95.57,39.39082717895508,-8.282712936401367,5
95.77,39.39083480834961,-8.282693862915039,5
95.87,39.39083480834961,-8.282693862915039,5
96.07,39.390846252441406,-8.282675743103027,5
96.17,39.39085388183594,-8.282657623291016,5
96.37,39.390865325927734,-8.282639503479004,5
96.57,39.39087677001953,-8.282621383666992,5
96.77,39.39088821411133,-8.282607078552246,5
96.97,39.390899658203125,-8.282590866088867,5
97.17,39.39091110229492,-8.282576560974121,5
97.37,39.39092254638672,-8.282564163208008,5
97.57,39.39094161987305,-8.282552719116211,6
97.77,39.39095687866211,-8.282540321350098,6
97.87,39.39095687866211,-8.282540321350098,6
98.17,39.3909912109375,-8.282520294189453,6
98.37,39.39100646972656,-8.282511711120605,5
98.57,39.39102554321289,-8.282502174377441,5
98.77,39.39104080200195,-8.28249454498291,5
99.17,39.391075134277344,-8.28248119354248,4
99.37,39.391056060791016,-8.282463073730469,3
99.57,39.39105224609375,-8.282454490661621,3
99.77,39.39105224609375,-8.28244400024414,3
100.17,39.391056060791016,-8.282432556152344,3
100.57,39.39112854003906,-8.282425880432129,4
100.77,39.39115524291992,-8.282395362854004,5
101.17,39.39120864868164,-8.282357215881348,5
101.37,39.3912353515625,-8.282346725463867,6
101.57,39.39126205444336,-8.282333374023438,5
101.77,39.39128494262695,-8.282323837280273,4
102.07,39.39130401611328,-8.282313346862793,193
102.37,39.39134216308594,-8.282281875610352,193
102.57,39.3913688659668,-8.282273292541504,5
102.77,39.39138412475586,-8.282256126403809,6
103.17,39.391414642333984,-8.282211303710938,6
103.37,39.39142608642578,-8.282190322875977,6
103.57,39.391441345214844,-8.282166481018066,6
104.17,39.39149475097656,-8.282115936279297,6
104.37,39.39152145385742,-8.282098770141602,6
104.57,39.391544342041016,-8.282076835632324,6
104.77,39.39156723022461,-8.282054901123047,6
105.17,39.391605377197266,-8.28200912475586,6
105.37,39.391624450683594,-8.281987190246582,6
105.57,39.39164352416992,-8.281965255737305,6
105.77,39.39166259765625,-8.281942367553711,6
106.17,39.391700744628906,-8.281888008117676,6
106.37,39.391719818115234,-8.281864166259766,6
106.57,39.391719818115234,-8.281864166259766,6
106.67,39.391746520996094,-8.281839370727539,6
106.77,39.39175796508789,-8.281815528869629,6
107.17,39.39179229736328,-8.281780242919922,6
107.37,39.39181137084961,-8.281766891479492,6
107.57,39.39182662963867,-8.281756401062012,6
107.87,39.391849517822266,-8.281744956970215,6
108.17,39.39188003540039,-8.281742095947266,6
108.37,39.39189910888672,-8.281740188598633,6
108.57,39.39191818237305,-8.281736373901367,6
108.77,39.39194107055664,-8.281729698181152,6
109.17,39.39198303222656,-8.281709671020508,6
109.37,39.392005920410156,-8.281694412231445,6
109.57,39.392032623291016,-8.2816743850708,6
109.77,39.39205551147461,-8.281654357910156,6
110.17,39.39209747314453,-8.281608581542969,6
110.37,39.392127990722656,-8.281591415405273,6
110.57,39.392154693603516,-8.28156852722168,6
110.77,39.39218521118164,-8.281540870666504,6
111.17,39.39223861694336,-8.281479835510254,6
111.37,39.39226531982422,-8.281447410583496,6
111.57,39.39228439331055,-8.281420707702637,6
111.77,39.392295837402344,-8.281393051147461,6
112.17,39.392337799072266,-8.281332969665527,6
112.37,39.39235305786133,-8.281301498413086,6
112.57,39.392372131347656,-8.281270027160645,6
112.77,39.39238357543945,-8.281243324279785,6
113.17,39.39242172241211,-8.281185150146484,6
113.37,39.39244079589844,-8.281155586242676,6
113.57,39.3924560546875,-8.2811279296875,6
113.77,39.3924674987793,-8.281100273132324,6
114.17,39.392494201660156,-8.281044006347656,6
114.37,39.39250564575195,-8.281018257141113,6
114.57,39.39251708984375,-8.280994415283203,6
114.77,39.39252853393555,-8.28096866607666,6
115.17,39.39255142211914,-8.28092098236084,6
115.37,39.39256286621094,-8.280899047851562,6
115.57,39.39256286621094,-8.280899047851562,6
115.67,39.39257049560547,-8.280881881713867,6
115.77,39.392578125,-8.280862808227539,6
116.17,39.392608642578125,-8.280824661254883,6
116.37,39.39262390136719,-8.280807495117188,6
116.57,39.39263916015625,-8.280792236328125,6
116.77,39.39265441894531,-8.28077507019043,6
117.17,39.39269256591797,-8.280741691589355,6
117.37,39.39271545410156,-8.28072452545166,6
117.57,39.392738342285156,-8.280709266662598,6
117.77,39.39276123046875,-8.280692100524902,6
118.17,39.3928108215332,-8.280660629272461,6
118.37,39.39282989501953,-8.280649185180664,6
118.57,39.392852783203125,-8.280630111694336,6
118.77,39.392879486083984,-8.280610084533691,6
119.17,39.392921447753906,-8.280567169189453,6
119.37,39.3929443359375,-8.280542373657227,6
119.57,39.392967224121094,-8.280513763427734,6
119.77,39.392982482910156,-8.280486106872559,6
119.97,39.39299774169922,-8.280460357666016,6
120.17,39.39301681518555,-8.280441284179688,6
120.37,39.39303207397461,-8.28041934967041,6
120.57,39.39304733276367,-8.280397415161133,6
120.77,39.393062591552734,-8.280376434326172,6
121.17,39.393089294433594,-8.280335426330566,6
121.37,39.39310073852539,-8.280316352844238,6
121.57,39.39311599731445,-8.280301094055176,6
121.77,39.39312744140625,-8.280288696289062,6
122.17,39.393157958984375,-8.28026008605957,6
122.37,39.39317321777344,-8.280244827270508,6
122.57,39.393192291259766,-8.280229568481445,6
122.77,39.393211364746094,-8.280213356018066,6
122.97,39.39323425292969,-8.280195236206055,6
123.17,39.393253326416016,-8.280176162719727,6
123.37,39.39327621459961,-8.28015422821045,6
123.57,39.39329528808594,-8.280130386352539,6
123.77,39.393314361572266,-8.280104637145996,6
124.17,39.393348693847656,-8.280051231384277,6
124.37,39.39336395263672,-8.280023574829102,6
124.57,39.393375396728516,-8.279997825622559,6
124.77,39.39339065551758,-8.279973030090332,6
125.17,39.39341354370117,-8.279927253723145,6
125.37,39.39342498779297,-8.279906272888184,6
125.57,39.39344024658203,-8.279889106750488,6
125.77,39.393455505371094,-8.279871940612793,6
126.17,39.39348220825195,-8.279840469360352,6
126.37,39.393497467041016,-8.279826164245605,6
126.57,39.39350891113281,-8.27981185913086,6
126.77,39.39352035522461,-8.27979850769043,6
127.17,39.393550872802734,-8.279772758483887,6
127.37,39.39356994628906,-8.279754638671875,6
127.57,39.39358901977539,-8.279745101928711,6
127.77,39.39360809326172,-8.27973461151123,6
128.17,39.393646240234375,-8.279711723327637,6
128.37,39.3936653137207,-8.27970027923584,6
128.57,39.39368438720703,-8.279683113098145,6
128.77,39.39370346069336,-8.279664039611816,5
129.17,39.393741607666016,-8.27961540222168,5
129.37,39.393760681152344,-8.279598236083984,6
129.57,39.39377975463867,-8.279580116271973,6
129.77,39.393802642822266,-8.279558181762695,6
129.97,39.393821716308594,-8.279534339904785,6
130.17,39.39384078979492,-8.27951431274414,6
130.37,39.393856048583984,-8.27949333190918,6
130.57,39.39387512207031,-8.279471397399902,6
130.77,39.39388656616211,-8.279449462890625,6
131.17,39.393917083740234,-8.279403686523438,6
131.37,39.3939323425293,-8.279385566711426,6
131.57,39.39393997192383,-8.279366493225098,6
131.77,39.393951416015625,-8.279349327087402,6
132.17,39.39397430419922,-8.279319763183594,6
132.37,39.39398956298828,-8.279306411743164,6
132.57,39.394004821777344,-8.279293060302734,6
132.77,39.39401626586914,-8.279280662536621,6
132.97,39.3940315246582,-8.279268264770508,6
133.17,39.394046783447266,-8.279256820678711,6
133.37,39.394065856933594,-8.2792387008667,6
133.57,39.39408493041992,-8.279219627380371,6
133.67,39.39408493041992,-8.279219627380371,6
133.77,39.39410400390625,-8.279197692871094,6
134.17,39.39413833618164,-8.27915096282959,6
134.37,39.39414978027344,-8.279131889343262,6
134.57,39.394161224365234,-8.27911376953125,6
134.77,39.39417266845703,-8.279096603393555,6
135.17,39.394195556640625,-8.279058456420898,6
135.37,39.39421081542969,-8.279044151306152,6
135.57,39.39422607421875,-8.27902603149414,6
135.67,39.39422607421875,-8.27902603149414,6
135.77,39.39424514770508,-8.279009819030762,6
136.17,39.3942756652832,-8.278974533081055,6
136.37,39.39429473876953,-8.278956413269043,6
136.57,39.394309997558594,-8.278934478759766,6
136.77,39.39432144165039,-8.278914451599121,6
137.17,39.394351959228516,-8.27886962890625,6
137.37,39.39436340332031,-8.27884578704834,6
137.57,39.39437484741211,-8.278823852539062,6
137.67,39.39437484741211,-8.278823852539062,6
137.77,39.39438247680664,-8.27880859375,6
138.17,39.39440155029297,-8.278767585754395,6
138.37,39.394412994384766,-8.278756141662598,6
138.57,39.39442443847656,-8.278745651245117,6
138.77,39.394439697265625,-8.278731346130371,6
139.17,39.39447021484375,-8.278697967529297,6
139.37,39.39448547363281,-8.278685569763184,6
139.57,39.39450454711914,-8.27867317199707,6
139.67,39.39450454711914,-8.27867317199707,6
139.77,39.39452362060547,-8.278656959533691,6
140.17,39.394561767578125,-8.278626441955566,6
140.37,39.39457702636719,-8.27861213684082,6
140.57,39.394596099853516,-8.278594017028809,6
140.77,39.39461135864258,-8.27857494354248,6
141.17,39.39463806152344,-8.278532028198242,6
141.37,39.3946533203125,-8.278511047363281,6
141.57,39.3946647644043,-8.27849292755127,6
141.67,39.3946647644043,-8.27849292755127,6
141.77,39.394676208496094,-8.278477668762207,6
142.17,39.39470291137695,-8.278450965881348,6
142.37,39.394718170166016,-8.278440475463867,6
142.57,39.39473342895508,-8.278429985046387,6
142.77,39.39474868774414,-8.278417587280273,6
143.17,39.39478302001953,-8.278386116027832,6
143.37,39.39480209350586,-8.278366088867188,6
143.57,39.39481735229492,-8.278343200683594,6
143.67,39.39481735229492,-8.278343200683594,6
143.77,39.394832611083984,-8.278321266174316,6
144.17,39.39485549926758,-8.278279304504395,6
144.37,39.39487075805664,-8.278264045715332,6
144.57,39.39488220214844,-8.27824592590332,6
144.77,39.394893646240234,-8.278233528137207,6
145.17,39.394920349121094,-8.278203964233398,6
145.37,39.394935607910156,-8.278192520141602,6
145.57,39.39495849609375,-8.278181076049805,6
145.67,39.39495849609375,-8.278181076049805,6
145.77,39.39497756958008,-8.278166770935059,6
146.17,39.395015716552734,-8.278133392333984,6
146.37,39.3950309753418,-8.278111457824707,6
146.57,39.39505386352539,-8.27808666229248,6
146.77,39.39506912231445,-8.278064727783203,6
147.17,39.39509963989258,-8.2780179977417,6
147.37,39.39511489868164,-8.277996063232422,6
147.57,39.3951301574707,-8.277975082397461,6
147.67,39.3951301574707,-8.277975082397461,6
147.77,39.395137786865234,-8.277953147888184,6
147.97,39.3951530456543,-8.277929306030273,6
148.17,39.395164489746094,-8.277907371520996,6
148.37,39.39517593383789,-8.277892112731934,6
148.57,39.39519119262695,-8.277880668640137,6
148.77,39.39520263671875,-8.277873992919922,6
149.17,39.395225524902344,-8.277848243713379,6
149.37,39.39523696899414,-8.277838706970215,6
149.57,39.39524841308594,-8.277830123901367,6
149.67,39.39524841308594,-8.277830123901367,6
149.77,39.395259857177734,-8.277820587158203,6
150.17,39.39527893066406,-8.277806282043457,6
150.37,39.39529037475586,-8.27779483795166,7
150.57,39.39530563354492,-8.277779579162598,7
150.77,39.39531707763672,-8.277765274047852,7
151.17,39.39533996582031,-8.277732849121094,7
151.37,39.39535140991211,-8.277718544006348,7
151.57,39.39535903930664,-8.27769947052002,7
151.67,39.39535903930664,-8.27769947052002,7
151.77,39.39537048339844,-8.277682304382324,7
152.17,39.39539337158203,-8.277653694152832,7
152.37,39.39539337158203,-8.277653694152832,7
152.47,39.39540100097656,-8.27763843536377,7
152.57,39.395416259765625,-8.277632713317871,7
152.77,39.39542770385742,-8.277618408203125,7
153.17,39.39544677734375,-8.277591705322266,7
153.37,39.39545822143555,-8.277570724487305,7
153.57,39.39546585083008,-8.277552604675293,7
153.67,39.39546585083008,-8.277552604675293,7
153.77,39.395477294921875,-8.277538299560547,7
154.17,39.39549255371094,-8.277506828308105,7
154.37,39.3954963684082,-8.277488708496094,7
154.57,39.3955078125,-8.277467727661133,7
154.77,39.39551544189453,-8.277456283569336,7
155.17,39.39552688598633,-8.277434349060059,7
155.37,39.395530700683594,-8.277425765991211,7
155.57,39.395530700683594,-8.277420997619629,7
155.67,39.395530700683594,-8.277420997619629,7
155.77,39.395538330078125,-8.277408599853516,7
156.17,39.39556121826172,-8.277375221252441,7
156.37,39.395572662353516,-8.277360916137695,7
156.57,39.39558410644531,-8.27734661102295,7
156.77,39.39559555053711,-8.277331352233887,7
157.17,39.395606994628906,-8.277322769165039,7
157.27,39.39561462402344,-8.277315139770508,7
157.37,39.395626068115234,-8.277303695678711,7
157.57,39.39563751220703,-8.277289390563965,7
157.67,39.39563751220703,-8.277289390563965,7
157.77,39.39564895629883,-8.277277946472168,7
157.97,39.395660400390625,-8.277265548706055,7
158.17,39.39567565917969,-8.277253150939941,7
158.37,39.39567565917969,-8.277253150939941,7
158.47,39.395687103271484,-8.277241706848145,7
158.57,39.39569854736328,-8.277234077453613,7
158.77,39.395713806152344,-8.277223587036133,7
159.17,39.39573287963867,-8.277203559875488,7
159.37,39.39574432373047,-8.277193069458008,7
159.57,39.395751953125,-8.277183532714844,7
159.67,39.395751953125,-8.277183532714844,7
159.77,39.39575958251953,-8.27717399597168,7
160.17,39.395782470703125,-8.277152061462402,7
160.37,39.39579772949219,-8.277138710021973,7
160.57,39.39581298828125,-8.277124404907227,7
160.77,39.39582443237305,-8.277116775512695,7
160.97,39.39582443237305,-8.277116775512695,7
161.17,39.39584732055664,-8.277097702026367,7
161.37,39.39585876464844,-8.277083396911621,7
161.57,39.395870208740234,-8.277069091796875,7
161.67,39.395870208740234,-8.277069091796875,7
161.77,39.39588165283203,-8.277056694030762,7
162.17,39.39590835571289,-8.277031898498535,7
162.37,39.39591979980469,-8.277023315429688,7
162.57,39.39593505859375,-8.277018547058105,7
162.77,39.39594650268555,-8.27701187133789,7
163.17,39.39597702026367,-8.276997566223145,7
163.37,39.39598846435547,-8.276989936828613,7
163.57,39.39599609375,-8.276979446411133,7
163.67,39.39599609375,-8.276979446411133,7
163.77,39.39600372314453,-8.276971817016602,7
164.17,39.39602279663086,-8.276958465576172,7
164.37,39.39603805541992,-8.276948928833008,7
164.57,39.39604949951172,-8.276939392089844,7
164.77,39.39606475830078,-8.276930809020996,7
165.17,39.396087646484375,-8.276910781860352,7
165.37,39.39610290527344,-8.276902198791504,7
165.57,39.396114349365234,-8.276897430419922,7
165.67,39.396114349365234,-8.276897430419922,7
165.77,39.39612579345703,-8.276890754699707,7
166.17,39.39615249633789,-8.276878356933594,7
166.37,39.39615249633789,-8.276878356933594,7
166.47,39.39616394042969,-8.276871681213379,7
166.57,39.396175384521484,-8.276866912841797,7
166.77,39.39618682861328,-8.276860237121582,7
166.97,39.39618682861328,-8.276860237121582,7
167.17,39.39620590209961,-8.276849746704102,7
167.37,39.39621353149414,-8.27684211730957,7
167.57,39.39622116088867,-8.276834487915039,7
167.67,39.39622116088867,-8.276834487915039,7
167.77,39.39623260498047,-8.276825904846191,7
168.17,39.3962516784668,-8.276808738708496,7
168.37,39.396263122558594,-8.276800155639648,7
168.57,39.39627456665039,-8.276792526245117,7
168.77,39.39628982543945,-8.276785850524902,7
169.17,39.39631271362305,-8.276776313781738,7
169.37,39.396324157714844,-8.276771545410156,7
169.57,39.396331787109375,-8.276769638061523,7
169.77,39.396339416503906,-8.276764869689941,7
170.17,39.396358489990234,-8.276753425598145,7
170.37,39.396366119384766,-8.276744842529297,7
170.57,39.39637756347656,-8.276737213134766,7
170.77,39.39638900756836,-8.276729583740234,7
171.17,39.39641189575195,-8.276718139648438,7
171.37,39.396419525146484,-8.276710510253906,7
171.77,39.396427154541016,-8.276705741882324,7
171.87,39.39643478393555,-8.276701927185059,7
172.17,39.396446228027344,-8.276686668395996,7
172.37,39.396446228027344,-8.276686668395996,7
172.47,39.396453857421875,-8.276673316955566,7
172.57,39.396461486816406,-8.276659965515137,7
172.77,39.3964729309082,-8.276651382446289,7
173.17,39.3964958190918,-8.276634216308594,7
173.37,39.39651107788086,-8.276623725891113,7
173.77,39.39653396606445,-8.27660846710205,7
174.17,39.39655303955078,-8.276596069335938,7
174.37,39.39656066894531,-8.276588439941406,7
174.57,39.396568298339844,-8.276575088500977,7
174.77,39.39657974243164,-8.276564598083496,7
175.17,39.39659881591797,-8.276548385620117,7
175.37,39.3966064453125,-8.276543617248535,7
175.57,39.3966178894043,-8.276537895202637,7
175.77,39.39662551879883,-8.276534080505371,7
176.17,39.396644592285156,-8.276522636413574,7
176.37,39.39665222167969,-8.27651596069336,7
176.57,39.39665985107422,-8.276509284973145,7
176.77,39.39666748046875,-8.27649974822998,7
177.17,39.39668273925781,-8.276488304138184,7
177.37,39.39669418334961,-8.276481628417969,7
177.57,39.396705627441406,-8.276473045349121,7
177.77,39.39671325683594,-8.276467323303223,7
178.17,39.396732330322266,-8.276459693908691,7
178.37,39.396732330322266,-8.276459693908691,8
178.47,39.3967399597168,-8.276455879211426,8
178.57,39.39674758911133,-8.276453018188477,8
178.77,39.39675521850586,-8.276448249816895,8
179.17,39.396766662597656,-8.276437759399414,8
179.37,39.39677810668945,-8.2764310836792,8
179.57,39.39678955078125,-8.276422500610352,8
179.77,39.39680099487305,-8.276413917541504,8
179.97,39.396812438964844,-8.27640438079834,8
180.17,39.39682388305664,-8.276399612426758,8
180.37,39.39682388305664,-8.276399612426758,9
180.47,39.3968391418457,-8.276395797729492,9
180.57,39.3968505859375,-8.27639389038086,9
180.77,39.3968620300293,-8.27639102935791,9
181.17,39.396881103515625,-8.276385307312012,9
181.37,39.396888732910156,-8.276383399963379,9
181.67,39.39690017700195,-8.27637767791748,9
181.77,39.39690017700195,-8.27637767791748,9
181.87,39.396907806396484,-8.27637004852295,9
182.17,39.39692687988281,-8.27635669708252,9
182.37,39.39693832397461,-8.276349067687988,9
182.77,39.39696502685547,-8.276338577270508,9
183.17,39.3969841003418,-8.276330947875977,9
183.37,39.396995544433594,-8.276328086853027,9
183.67,39.39700698852539,-8.276321411132812,9
183.77,39.39700698852539,-8.276321411132812,9
183.87,39.39701843261719,-8.276318550109863,9
184.17,39.39702606201172,-8.276311874389648,9
184.27,39.39703369140625,-8.276309967041016,9
184.37,39.39703369140625,-8.276309967041016,9
184.47,39.39704132080078,-8.27630615234375,9
184.57,39.39705276489258,-8.276299476623535,9
184.77,39.39706039428711,-8.27629280090332,9
185.17,39.39707946777344,-8.276287078857422,9
185.37,39.39707946777344,-8.276287078857422,9
185.47,39.397090911865234,-8.27628231048584,9
185.67,39.397098541259766,-8.276280403137207,9
185.77,39.39710998535156,-8.276278495788574,9
186.17,39.39712142944336,-8.276276588439941,9
186.27,39.397125244140625,-8.276276588439941,9
186.47,39.397132873535156,-8.276275634765625,11
186.57,39.397132873535156,-8.276275634765625,11
186.67,39.39714050292969,-8.27627182006836,11
186.77,39.39714050292969,-8.27627182006836,11
186.87,39.39714431762695,-8.276267051696777,11
187.17,39.39715576171875,-8.276263236999512,11
187.27,39.39716339111328,-8.276261329650879,11
187.37,39.39717102050781,-8.276256561279297,11
187.67,39.39718246459961,-8.276251792907715,11
187.77,39.39718246459961,-8.276251792907715,11
187.87,39.397193908691406,-8.276246070861816,11
188.17,39.3972053527832,-8.276239395141602,11
188.27,39.397216796875,-8.276235580444336,11
188.37,39.397216796875,-8.276235580444336,11
188.47,39.3972282409668,-8.27623176574707,11
188.57,39.39723587036133,-8.276228904724121,11
188.77,39.397247314453125,-8.276225090026855,11
189.17,39.39726638793945,-8.27622127532959,11
189.37,39.39727783203125,-8.27622127532959,11
189.67,39.397281646728516,-8.276224136352539,11
189.77,39.39729309082031,-8.276223182678223,11
190.17,39.397300720214844,-8.276222229003906,11
190.27,39.39731216430664,-8.276217460632324,11
190.47,39.39732360839844,-8.276211738586426,11
190.57,39.39732360839844,-8.276211738586426,11
190.67,39.397335052490234,-8.276208877563477,11
190.77,39.39734649658203,-8.276206016540527,11
191.17,39.39737319946289,-8.27619743347168,11
191.37,39.39737319946289,-8.27619743347168,11
191.47,39.39738464355469,-8.276193618774414,11
191.57,39.397396087646484,-8.276190757751465,11
191.77,39.39741134643555,-8.276185989379883,11
192.17,39.39743423461914,-8.276180267333984,11
192.37,39.39743423461914,-8.276180267333984,11
192.47,39.39744567871094,-8.276179313659668,11
192.57,39.39744567871094,-8.276179313659668,11
192.67,39.39745330810547,-8.276175498962402,11
192.77,39.397464752197266,-8.27617073059082,11
193.17,39.3974723815918,-8.276167869567871,11
193.27,39.39748001098633,-8.276164054870605,11
193.37,39.39748001098633,-8.276164054870605,11
193.47,39.397491455078125,-8.276159286499023,11
193.57,39.397499084472656,-8.276155471801758,11
193.77,39.39751052856445,-8.276150703430176,11
194.17,39.397518157958984,-8.27614688873291,11
194.27,39.397525787353516,-8.276143074035645,11
194.47,39.39753723144531,-8.276138305664062,11
194.57,39.397544860839844,-8.276132583618164,11
194.77,39.39755630493164,-8.276124954223633,11
195.17,39.397579193115234,-8.27611255645752,11
195.47,39.39759063720703,-8.276108741760254,11
195.67,39.39760208129883,-8.276103973388672,11
195.77,39.39760208129883,-8.276103973388672,11
195.87,39.397613525390625,-8.27609920501709,11
196.17,39.39763641357422,-8.276094436645508,11
196.47,39.39764404296875,-8.276091575622559,11
196.57,39.39764404296875,-8.276091575622559,11
196.67,39.39765548706055,-8.276087760925293,11
196.77,39.39765548706055,-8.276087760925293,11
196.87,39.39766311645508,-8.276083946228027,11
197.17,39.397682189941406,-8.276073455810547,11
197.37,39.397682189941406,-8.276073455810547,11
197.47,39.3976936340332,-8.276068687438965,11
197.57,39.397705078125,-8.276062965393066,11
197.77,39.3977165222168,-8.2760591506958,11
198.17,39.39773941040039,-8.276054382324219,11
198.47,39.39775085449219,-8.27605152130127,11
198.57,39.397762298583984,-8.276049613952637,11
198.77,39.397762298583984,-8.276049613952637,11
198.87,39.397769927978516,-8.276045799255371,11
199.17,39.397796630859375,-8.276039123535156,11
199.37,39.397796630859375,-8.276039123535156,11
199.47,39.397804260253906,-8.276037216186523,11
199.57,39.3978157043457,-8.276036262512207,11
199.77,39.3978271484375,-8.27603530883789,11
200.17,39.39784240722656,-8.27603530883789,11
200.37,39.39784240722656,-8.27603530883789,11
200.47,39.39785385131836,-8.276030540466309,11
200.57,39.39786148071289,-8.276026725769043,11
200.77,39.39787292480469,-8.276021003723145,11
201.17,39.39789581298828,-8.276009559631348,11
201.37,39.39790725708008,-8.276005744934082,11
201.47,39.39790725708008,-8.276005744934082,11
201.57,39.39792251586914,-8.276004791259766,11
201.77,39.39793395996094,-8.276004791259766,11
202.17,39.397945404052734,-8.276007652282715,11
202.27,39.39795684814453,-8.276008605957031,11
202.37,39.39795684814453,-8.276008605957031,11
202.47,39.39796829223633,-8.276007652282715,11
202.57,39.397979736328125,-8.276007652282715,11
202.77,39.397979736328125,-8.276007652282715,11
202.87,39.39799118041992,-8.276005744934082,11
203.17,39.39800262451172,-8.276004791259766,11
203.27,39.398014068603516,-8.276001930236816,11
203.37,39.398014068603516,-8.276001930236816,11
203.47,39.39802551269531,-8.275999069213867,11
203.57,39.398040771484375,-8.275995254516602,11
203.77,39.39805221557617,-8.275991439819336,11
204.17,39.398075103759766,-8.27598762512207,11
204.47,39.3980827331543,-8.275982856750488,11
204.67,39.398094177246094,-8.275978088378906,11
204.77,39.398101806640625,-8.275971412658691,11
205.27,39.39811706542969,-8.275957107543945,11
205.37,39.398128509521484,-8.275951385498047,11
205.47,39.398128509521484,-8.275951385498047,11
205.67,39.39813995361328,-8.275944709777832,11
205.77,39.39813995361328,-8.275944709777832,11
205.87,39.398155212402344,-8.275940895080566,11
206.17,39.39816665649414,-8.2759370803833,11
206.27,39.39817810058594,-8.275936126708984,11
206.47,39.398189544677734,-8.275935173034668,11
206.57,39.398189544677734,-8.275935173034668,11
206.67,39.39820098876953,-8.275934219360352,11
206.77,39.39820861816406,-8.275930404663086,11
207.17,39.39822769165039,-8.275921821594238,11
207.37,39.39823532104492,-8.275918960571289,11
207.47,39.39823532104492,-8.275918960571289,11
207.57,39.39824295043945,-8.275914192199707,11
207.77,39.39825439453125,-8.275909423828125,11
208.17,39.39826202392578,-8.27590560913086,11
208.27,39.39827346801758,-8.27590274810791,11
208.47,39.398284912109375,-8.275899887084961,11
208.57,39.398284912109375,-8.275899887084961,11
208.67,39.398292541503906,-8.275898933410645,11
208.77,39.398292541503906,-8.275898933410645,11
208.87,39.39830017089844,-8.275895118713379,11
209.17,39.398319244384766,-8.275886535644531,11
209.37,39.3983268737793,-8.275883674621582,11
209.47,39.3983268737793,-8.275883674621582,11
209.67,39.39833450317383,-8.275879859924316,11
209.77,39.39833450317383,-8.275879859924316,11
209.87,39.39834213256836,-8.27587890625,11
210.17,39.39835739135742,-8.275874137878418,11
210.37,39.39835739135742,-8.275874137878418,11
210.47,39.39836502075195,-8.275872230529785,11
210.57,39.398372650146484,-8.27586841583252,11
210.77,39.398372650146484,-8.27586841583252,11
210.87,39.398380279541016,-8.275864601135254,11
211.17,39.39839172363281,-8.275859832763672,11
211.27,39.398399353027344,-8.275856018066406,11
211.37,39.39841079711914,-8.275851249694824,11
211.47,39.39841079711914,-8.275851249694824,11
211.67,39.39841842651367,-8.275848388671875,11
211.87,39.3984260559082,-8.275842666625977,11
212.17,39.398433685302734,-8.275836944580078,11
212.27,39.3984375,-8.275830268859863,11
212.37,39.3984375,-8.275830268859863,11
212.47,39.39844512939453,-8.275824546813965,11
212.57,39.39844512939453,-8.275824546813965,11
212.67,39.39845657348633,-8.27581787109375,11
212.77,39.39845657348633,-8.27581787109375,11
212.87,39.398468017578125,-8.275813102722168,11
213.17,39.39849090576172,-8.275803565979004,11
213.37,39.39849853515625,-8.275802612304688,11
213.47,39.39849853515625,-8.275802612304688,11
213.57,39.39850997924805,-8.275803565979004,11
213.77,39.39851760864258,-8.275802612304688,11
214.17,39.398536682128906,-8.27579402923584,11
214.47,39.39854049682617,-8.275790214538574,11
214.57,39.39854049682617,-8.275790214538574,11
214.67,39.3985481262207,-8.275787353515625,11
214.77,39.398555755615234,-8.275785446166992,11
215.17,39.39856719970703,-8.275778770446777,11
215.27,39.39857864379883,-8.275773048400879,11
215.47,39.39859390258789,-8.27576732635498,11
215.67,39.39860534667969,-8.275765419006348,11
215.77,39.39861297607422,-8.275762557983398,11
216.17,39.39862060546875,-8.275763511657715,11
216.27,39.39862823486328,-8.275761604309082,11
216.37,39.39862823486328,-8.275761604309082,11
216.47,39.39863586425781,-8.275757789611816,11
216.57,39.398643493652344,-8.275753021240234,11
216.77,39.398651123046875,-8.275747299194336,11
217.17,39.398658752441406,-8.275739669799805,11
217.27,39.3986701965332,-8.275733947753906,11
217.37,39.3986701965332,-8.275733947753906,11
217.47,39.398681640625,-8.275727272033691,11
217.67,39.39868927001953,-8.275721549987793,11
217.77,39.39870071411133,-8.275714874267578,11
218.17,39.398712158203125,-8.275710105895996,11
218.27,39.398719787597656,-8.27570629119873,11
218.47,39.39873123168945,-8.275701522827148,11
218.57,39.39873123168945,-8.275701522827148,11
218.67,39.39874267578125,-8.27569580078125,11
218.77,39.39874267578125,-8.27569580078125,11
218.87,39.39875411987305,-8.275690078735352,11
219.17,39.39877700805664,-8.275676727294922,11
219.37,39.39878463745117,-8.275670051574707,11
219.47,39.39878463745117,-8.275670051574707,11
219.57,39.398799896240234,-8.275664329528809,11
219.77,39.39881134033203,-8.275656700134277,11
220.17,39.398826599121094,-8.275649070739746,11
220.27,39.39883804321289,-8.275641441345215,11
220.37,39.39883804321289,-8.275641441345215,11
220.47,39.39884948730469,-8.275638580322266,11
220.57,39.398860931396484,-8.275633811950684,11
220.77,39.398868560791016,-8.275629043579102,11
221.17,39.398887634277344,-8.27562141418457,11
221.37,39.398887634277344,-8.27562141418457,11
221.47,39.398895263671875,-8.275614738464355,11
221.57,39.398902893066406,-8.27560806274414,11
221.77,39.398902893066406,-8.27560806274414,11
221.87,39.3989143371582,-8.275602340698242,11
222.17,39.39893341064453,-8.275596618652344,11
222.47,39.39894485473633,-8.275592803955078,11
222.57,39.398956298828125,-8.275589942932129,11
222.77,39.398963928222656,-8.27558708190918,11
223.17,39.398983001708984,-8.275578498840332,11
223.37,39.398990631103516,-8.275572776794434,11
223.47,39.398990631103516,-8.275572776794434,11
223.57,39.39900207519531,-8.275566101074219,11
223.77,39.39900207519531,-8.275566101074219,11
223.87,39.39901351928711,-8.275561332702637,11
224.17,39.399024963378906,-8.275554656982422,11
224.27,39.3990364074707,-8.275547981262207,11
224.47,39.3990478515625,-8.275543212890625,11
224.57,39.3990592956543,-8.275538444519043,11
224.77,39.3990592956543,-8.275538444519043,11
224.87,39.399070739746094,-8.275533676147461,11
225.17,39.399078369140625,-8.275530815124512,11
225.27,39.39908981323242,-8.275525093078613,11
225.37,39.39908981323242,-8.275525093078613,11
225.47,39.39910125732422,-8.275522232055664,11
225.57,39.39910888671875,-8.275518417358398,11
225.77,39.39911651611328,-8.275514602661133,11
226.17,39.39913558959961,-8.275506019592285,11
226.47,39.39914321899414,-8.27550220489502,11
226.57,39.3991584777832,-8.275498390197754,11
226.77,39.3991584777832,-8.275498390197754,11
226.87,39.399169921875,-8.275492668151855,11
227.17,39.39918518066406,-8.275489807128906,11
227.27,39.39919662475586,-8.275486946105957,11
227.37,39.39919662475586,-8.275486946105957,11
227.47,39.39921188354492,-8.275483131408691,11
227.57,39.39922332763672,-8.275480270385742,11
227.77,39.39923095703125,-8.275479316711426,11
228.17,39.39924240112305,-8.275477409362793,11
228.27,39.39925003051758,-8.275474548339844,11
228.47,39.39925765991211,-8.275470733642578,11
228.57,39.39925765991211,-8.275470733642578,11
228.67,39.399269104003906,-8.275465965270996,11
228.77,39.39927673339844,-8.27546215057373,11
229.17,39.39929962158203,-8.275452613830566,11
229.37,39.399314880371094,-8.275449752807617,11
229.47,39.399314880371094,-8.275449752807617,11
229.57,39.39932632446289,-8.275445938110352,11
229.77,39.39932632446289,-8.275445938110352,11
229.87,39.39933395385742,-8.275444984436035,11
230.17,39.39934539794922,-8.275444984436035,11
230.27,39.399356842041016,-8.275444030761719,11
230.47,39.39936447143555,-8.275443077087402,11
230.57,39.39936447143555,-8.275443077087402,11
230.67,39.399375915527344,-8.275443077087402,11
230.77,39.399375915527344,-8.275443077087402,11
230.87,39.399383544921875,-8.275439262390137,11
231.17,39.399391174316406,-8.275432586669922,11
231.27,39.3994026184082,-8.275426864624023,11
231.37,39.399410247802734,-8.275423049926758,11
231.47,39.399410247802734,-8.275423049926758,11
231.67,39.39942169189453,-8.275415420532227,11
231.77,39.39942169189453,-8.275415420532227,11
231.87,39.39942932128906,-8.275411605834961,11
232.17,39.399452209472656,-8.275404930114746,11
232.37,39.399452209472656,-8.275404930114746,11
232.47,39.39945983886719,-8.275402069091797,11
232.57,39.399471282958984,-8.275399208068848,11
232.77,39.399471282958984,-8.275399208068848,11
232.87,39.399478912353516,-8.275396347045898,11
233.17,39.399497985839844,-8.275388717651367,11
233.37,39.39950942993164,-8.275385856628418,11
233.47,39.39950942993164,-8.275385856628418,11
233.67,39.39952087402344,-8.275382041931152,11
233.77,39.39952087402344,-8.275382041931152,11
233.87,39.39952850341797,-8.275378227233887,11
234.17,39.39955520629883,-8.275373458862305,11
234.37,39.39955520629883,-8.275373458862305,11
234.47,39.39956283569336,-8.275372505187988,11
234.67,39.39957046508789,-8.275371551513672,11
234.77,39.39957809448242,-8.275371551513672,11
235.17,39.39958953857422,-8.275367736816406,11
235.37,39.399593353271484,-8.275367736816406,11
235.57,39.399600982666016,-8.27536392211914,11
235.77,39.39960479736328,-8.275362014770508,11
236.17,39.39961242675781,-8.275357246398926,11
236.37,39.39961242675781,-8.275357246398926,11
236.47,39.399620056152344,-8.275357246398926,11
236.57,39.399620056152344,-8.275357246398926,11
236.67,39.39962387084961,-8.275357246398926,11
236.77,39.39962387084961,-8.275357246398926,11
236.87,39.39962387084961,-8.275357246398926,11
237.27,39.399627685546875,-8.275351524353027,11
237.57,39.39963150024414,-8.27534294128418,11
237.77,39.399635314941406,-8.275336265563965,11
238.17,39.39964294433594,-8.275325775146484,11
238.37,39.39964294433594,-8.275325775146484,11
238.47,39.3996467590332,-8.275320053100586,11
238.57,39.39965057373047,-8.275318145751953,11
238.77,39.39965057373047,-8.27531909942627,11
239.27,39.39965057373047,-8.275311470031738,11
239.57,39.3996467590332,-8.275308609008789,11
239.67,39.3996467590332,-8.275309562683105,11
239.77,39.39964294433594,-8.275310516357422,11
240.17,39.3996467590332,-8.275312423706055,11
240.27,39.3996467590332,-8.275313377380371,11
240.37,39.3996467590332,-8.275313377380371,11
240.47,39.3996467590332,-8.275314331054688,11
240.57,39.3996467590332,-8.275314331054688,11
240.67,39.3996467590332,-8.27531623840332,11
240.77,39.3996467590332,-8.275317192077637,11
241.17,39.3996467590332,-8.275317192077637,11
