ts,id,T,P
-0.745,BARO0,32.23,100155
-0.735,BARO0,32.22,100149
-0.725,BARO0,32.22,100133
-0.715,BARO0,32.23,100142
-0.705,BARO0,32.21,100135
-0.695,BARO0,32.21,100137
-0.685,BARO0,32.22,100126
-0.675,BARO0,32.22,100162
-0.665,BARO0,32.21,100141
-0.655,BARO0,32.22,100166
-0.645,BARO0,32.22,100149
-0.635,BARO0,32.21,100150
-0.625,BARO0,32.21,100133
-0.615,BARO0,32.24,100147
-0.605,BARO0,32.23,100132
-0.595,BARO0,32.21,100142
-0.585,BARO0,32.23,100166
-0.575,BARO0,32.22,100150
-0.565,BARO0,32.23,100158
-0.555,BARO0,32.23,100155
-0.545,BARO0,32.21,100170
-0.535,BARO0,32.23,100149
-0.525,BARO0,32.22,100142
-0.515,BARO0,32.2,100160
-0.505,BARO0,32.23,100142
-0.495,BARO0,32.21,100164
-0.485,BARO0,32.22,100139
-0.475,BARO0,32.21,100161
-0.465,BARO0,32.23,100136
-0.455,BARO0,32.23,100152
-0.445,BARO0,32.22,100150
-0.435,BARO0,32.21,100174
-0.425,BARO0,32.21,100115
-0.415,BARO0,32.24,100144
-0.405,BARO0,32.22,100150
-0.395,BARO0,32.22,100126
-0.385,BARO0,32.21,100141
-0.375,BARO0,32.22,100154
-0.365,BARO0,32.21,100157
-0.355,BARO0,32.22,100138
-0.345,BARO0,32.21,100154
-0.335,BARO0,32.21,100133
-0.325,BARO0,32.21,100150
-0.315,BARO0,32.21,100121
-0.305,BARO0,32.22,100121
-0.295,BARO0,32.22,100161
-0.285,BARO0,32.22,100157
-0.275,BARO0,32.22,100166
-0.265,BARO0,32.23,100143
-0.255,BARO0,32.24,100159
-0.245,BARO0,32.24,100159
-0.235,BARO0,32.22,100155
-0.225,BARO0,32.22,100156
-0.215,BARO0,32.22,100149
-0.205,BARO0,32.21,100122
-0.195,BARO0,32.22,100137
-0.185,BARO0,32.22,100150
-0.175,BARO0,32.22,100154
-0.165,BARO0,32.22,100147
-0.155,BARO0,32.22,100141
-0.145,BARO0,32.21,100164
-0.135,BARO0,32.21,100142
-0.125,BARO0,32.24,100170
-0.115,BARO0,32.25,100139
-0.105,BARO0,32.23,100162
-0.095,BARO0,32.22,100143
-0.085,BARO0,32.22,100149
-0.075,BARO0,32.22,100097
-0.065,BARO0,32.21,100144
-0.055,BARO0,32.23,100122
-0.045,BARO0,32.23,100116
-0.035,BARO0,32.23,100127
-0.025,BARO0,32.22,100127
-0.015,BARO0,32.24,100154
-0.005,BARO0,32.22,100125
0.005,BARO0,32.23,100181
0.015,BARO0,32.23,100166
0.025,BARO0,32.22,100161
0.035,BARO0,32.23,100140
0.045,BARO0,32.22,100114
0.055,BARO0,32.24,100124
0.065,BARO0,32.21,100133
0.075,BARO0,32.23,100104
0.085,BARO0,32.21,100102
0.095,BARO0,32.22,100100
0.105,BARO0,32.23,100118
0.115,BARO0,32.22,100121
0.125,BARO0,32.22,100115
0.135,BARO0,32.22,100080
0.145,BARO0,32.24,100090
0.155,BARO0,32.23,100090
0.165,BARO0,32.24,100140
0.175,BARO0,32.23,100123
0.185,BARO0,32.24,100110
0.195,BARO0,32.24,100131
0.205,BARO0,32.21,100124
0.215,BARO0,32.22,100126
0.225,BARO0,32.23,100094
0.235,BARO0,32.22,100119
0.245,BARO0,32.22,100095
0.255,BARO0,32.22,100059
0.265,BARO0,32.24,100082
0.275,BARO0,32.23,100096
0.285,BARO0,32.22,100096
0.295,BARO0,32.22,100070
0.305,BARO0,32.21,100060
0.315,BARO0,32.22,100064
0.325,BARO0,32.23,100083
0.335,BARO0,32.23,100060
0.345,BARO0,32.23,100057
0.355,BARO0,32.21,100076
0.365,BARO0,32.21,100075
0.375,BARO0,32.23,100064
0.385,BARO0,32.22,100065
0.395,BARO0,32.23,100045
0.405,BARO0,32.22,100065
0.415,BARO0,32.22,100037
0.425,BARO0,32.23,100028
0.435,BARO0,32.23,100039
0.445,BARO0,32.23,100077
0.455,BARO0,32.24,100025
0.465,BARO0,32.23,99995
0.475,BARO0,32.23,100026
0.485,BARO0,32.22,100013
0.495,BARO0,32.22,100050
0.505,BARO0,32.23,100022
0.515,BARO0,32.22,100021
0.525,BARO0,32.23,100013
0.535,BARO0,32.23,100017
0.545,BARO0,32.24,100034
0.555,BARO0,32.23,100038
0.565,BARO0,32.23,100029
0.575,BARO0,32.24,100024
0.585,BARO0,32.22,100028
0.595,BARO0,32.23,100016
0.605,BARO0,32.24,100032
0.615,BARO0,32.22,100005
0.625,BARO0,32.23,100022
0.635,BARO0,32.23,100013
0.645,BARO0,32.23,100015
0.655,BARO0,32.23,100031
0.665,BARO0,32.23,100023
0.675,BARO0,32.26,100014
0.685,BARO0,32.24,100010
0.695,BARO0,32.23,100001
0.705,BARO0,32.23,100014
0.715,BARO0,32.24,100009
0.725,BARO0,32.22,99998
0.735,BARO0,32.22,99980
0.745,BARO0,32.23,99999
0.755,BARO0,32.24,99973
0.765,BARO0,32.23,99980
0.775,BARO0,32.22,99973
0.785,BARO0,32.23,99971
0.795,BARO0,32.22,99952
0.805,BARO0,32.23,99962
0.815,BARO0,32.24,99985
0.825,BARO0,32.23,99942
0.835,BARO0,32.24,99948
0.845,BARO0,32.24,99996
0.855,BARO0,32.25,99957
0.865,BARO0,32.25,99969
0.875,BARO0,32.24,99941
0.885,BARO0,32.24,99958
0.895,BARO0,32.22,99947
0.905,BARO0,32.23,99930
0.915,BARO0,32.24,99932
0.925,BARO0,32.22,99923
0.935,BARO0,32.25,99937
0.945,BARO0,32.23,99922
0.955,BARO0,32.21,99926
0.965,BARO0,32.24,99929
0.975,BARO0,32.23,99921
0.985,BARO0,32.23,99909
0.995,BARO0,32.22,99915
1.005,BARO0,32.24,99905
1.015,BARO0,32.23,99916
1.025,BARO0,32.24,99874
1.035,BARO0,32.24,99876
1.045,BARO0,32.27,99897
1.055,BARO0,32.24,99918
1.065,BARO0,32.24,99878
1.075,BARO0,32.24,99871
1.085,BARO0,32.23,99856
1.095,BARO0,32.24,99860
1.105,BARO0,32.24,99868
1.115,BARO0,32.25,99847
1.125,BARO0,32.24,99903
1.135,BARO0,32.23,99834
1.145,BARO0,32.24,99847
1.155,BARO0,32.25,99834
1.165,BARO0,32.25,99855
1.175,BARO0,32.22,99891
1.185,BARO0,32.24,99805
1.195,BARO0,32.24,99828
1.205,BARO0,32.25,99839
1.215,BARO0,32.24,99847
1.225,BARO0,32.26,99812
1.235,BARO0,32.23,99808
1.245,BARO0,32.26,99815
1.255,BARO0,32.24,99807
1.265,BARO0,32.25,99788
1.275,BARO0,32.23,99824
1.285,BARO0,32.26,99811
1.295,BARO0,32.24,99761
1.305,BARO0,32.25,99772
1.315,BARO0,32.25,99752
1.325,BARO0,32.24,99762
1.335,BARO0,32.25,99771
1.345,BARO0,32.24,99762
1.355,BARO0,32.23,99750
1.365,BARO0,32.26,99733
1.375,BARO0,32.25,99762
1.385,BARO0,32.25,99748
1.395,BARO0,32.25,99730
1.405,BARO0,32.24,99761
1.415,BARO0,32.25,99727
1.425,BARO0,32.24,99720
1.435,BARO0,32.26,99704
1.445,BARO0,32.25,99720
1.455,BARO0,32.26,99736
1.465,BARO0,32.25,99724
1.475,BARO0,32.24,99718
1.485,BARO0,32.25,99706
1.495,BARO0,32.24,99691
1.505,BARO0,32.25,99681
1.515,BARO0,32.26,99702
1.525,BARO0,32.25,99663
1.535,BARO0,32.25,99662
1.545,BARO0,32.28,99685
1.555,BARO0,32.26,99674
1.565,BARO0,32.25,99650
1.575,BARO0,32.26,99640
1.585,BARO0,32.25,99630
1.595,BARO0,32.25,99671
1.605,BARO0,32.26,99623
1.615,BARO0,32.25,99617
1.625,BARO0,32.27,99605
1.635,BARO0,32.25,99649
1.645,BARO0,32.25,99626
1.655,BARO0,32.25,99613
1.665,BARO0,32.25,99615
1.675,BARO0,32.27,99608
1.685,BARO0,32.25,99606
1.695,BARO0,32.25,99591
1.705,BARO0,32.25,99568
1.715,BARO0,32.25,99600
1.725,BARO0,32.26,99584
1.735,BARO0,32.25,99572
1.745,BARO0,32.26,99572
1.755,BARO0,32.23,99577
1.765,BARO0,32.26,99540
1.775,BARO0,32.25,99565
1.785,BARO0,32.24,99556
1.795,BARO0,32.26,99539
1.805,BARO0,32.25,99515
1.815,BARO0,32.25,99513
1.825,BARO0,32.27,99513
1.835,BARO0,32.27,99525
1.845,BARO0,32.23,99499
1.855,BARO0,32.27,99524
1.865,BARO0,32.26,99509
1.875,BARO0,32.25,99509
1.885,BARO0,32.25,99472
1.895,BARO0,32.25,99446
1.905,BARO0,32.25,99464
1.915,BARO0,32.26,99442
1.925,BARO0,32.26,99441
1.935,BARO0,32.25,99433
1.945,BARO0,32.24,99428
1.955,BARO0,32.26,99404
1.965,BARO0,32.27,99426
1.975,BARO0,32.26,99403
1.985,BARO0,32.26,99399
1.995,BARO0,32.26,99403
2.005,BARO0,32.26,99408
2.015,BARO0,32.25,99360
2.025,BARO0,32.28,99390
2.035,BARO0,32.26,99358
2.045,BARO0,32.26,99370
2.055,BARO0,32.24,99344
2.065,BARO0,32.26,99334
2.075,BARO0,32.28,99331
2.085,BARO0,32.25,99322
2.095,BARO0,32.26,99319
2.105,BARO0,32.25,99335
2.115,BARO0,32.27,99302
2.125,BARO0,32.26,99321
2.135,BARO0,32.23,99291
2.145,BARO0,32.27,99309
2.155,BARO0,32.26,99270
2.165,BARO0,32.27,99315
2.175,BARO0,32.24,99259
2.185,BARO0,32.26,99300
2.195,BARO0,32.26,99251
2.205,BARO0,32.25,99273
2.215,BARO0,32.27,99263
2.225,BARO0,32.26,99243
2.235,BARO0,32.25,99232
2.245,BARO0,32.26,99246
2.255,BARO0,32.27,99247
2.265,BARO0,32.28,99230
2.275,BARO0,32.25,99229
2.285,BARO0,32.28,99206
2.295,BARO0,32.27,99208
2.305,BARO0,32.26,99196
2.315,BARO0,32.26,99191
2.325,BARO0,32.27,99205
2.335,BARO0,32.25,99147
2.345,BARO0,32.27,99163
2.355,BARO0,32.28,99148
2.365,BARO0,32.26,99130
2.375,BARO0,32.26,99093
2.385,BARO0,32.26,99094
2.395,BARO0,32.26,99074
2.405,BARO0,32.27,99070
2.415,BARO0,32.26,99045
2.425,BARO0,32.26,99031
2.435,BARO0,32.27,99026
2.445,BARO0,32.27,99045
2.455,BARO0,32.25,98990
2.465,BARO0,32.27,99025
2.475,BARO0,32.25,99033
2.485,BARO0,32.27,99014
2.495,BARO0,32.27,98985
2.505,BARO0,32.26,98991
2.515,BARO0,32.26,98964
2.525,BARO0,32.27,99005
2.535,BARO0,32.26,98979
2.545,BARO0,32.26,98942
2.555,BARO0,32.25,98941
2.565,BARO0,32.27,98934
2.575,BARO0,32.27,98940
2.585,BARO0,32.28,98938
2.595,BARO0,32.27,98907
2.605,BARO0,32.27,98884
2.615,BARO0,32.27,98899
2.625,BARO0,32.28,98886
2.635,BARO0,32.27,98869
2.645,BARO0,32.28,98838
2.655,BARO0,32.27,98863
2.665,BARO0,32.27,98836
2.675,BARO0,32.27,98809
2.685,BARO0,32.28,98835
2.695,BARO0,32.26,98826
2.705,BARO0,32.26,98809
2.715,BARO0,32.27,98797
2.725,BARO0,32.27,98773
2.735,BARO0,32.25,98767
2.745,BARO0,32.28,98770
2.755,BARO0,32.26,98775
2.765,BARO0,32.29,98733
2.775,BARO0,32.28,98726
2.785,BARO0,32.27,98743
2.795,BARO0,32.28,98698
2.805,BARO0,32.26,98694
2.815,BARO0,32.27,98700
2.825,BARO0,32.28,98676
2.835,BARO0,32.27,98687
2.845,BARO0,32.27,98638
2.855,BARO0,32.26,98658
2.865,BARO0,32.26,98605
2.875,BARO0,32.28,98628
2.885,BARO0,32.28,98625
2.895,BARO0,32.26,98603
2.905,BARO0,32.28,98589
2.915,BARO0,32.27,98575
2.925,BARO0,32.27,98561
2.935,BARO0,32.29,98569
2.945,BARO0,32.27,98565
2.955,BARO0,32.27,98536
2.965,BARO0,32.28,98509
2.975,BARO0,32.26,98536
2.985,BARO0,32.28,98498
2.995,BARO0,32.26,98464
3.005,BARO0,32.28,98490
3.015,BARO0,32.26,98451
3.025,BARO0,32.26,98460
3.035,BARO0,32.28,98453
3.045,BARO0,32.28,98411
3.055,BARO0,32.28,98441
3.065,BARO0,32.28,98438
3.075,BARO0,32.26,98403
3.085,BARO0,32.29,98414
3.095,BARO0,32.27,98361
3.105,BARO0,32.27,98392
3.115,BARO0,32.27,98352
3.125,BARO0,32.27,98345
3.135,BARO0,32.27,98339
3.145,BARO0,32.28,98324
3.155,BARO0,32.29,98309
3.165,BARO0,32.29,98313
3.175,BARO0,32.28,98292
3.185,BARO0,32.29,98251
3.195,BARO0,32.28,98277
3.205,BARO0,32.28,98251
3.215,BARO0,32.27,98260
3.225,BARO0,32.26,98226
3.235,BARO0,32.28,98208
3.245,BARO0,32.27,98192
3.255,BARO0,32.3,98226
3.265,BARO0,32.28,98187
3.275,BARO0,32.26,98177
3.285,BARO0,32.26,98136
3.295,BARO0,32.26,98164
3.305,BARO0,32.27,98121
3.315,BARO0,32.29,98117
3.325,BARO0,32.3,98124
3.335,BARO0,32.29,98096
3.345,BARO0,32.27,98103
3.355,BARO0,32.28,98080
3.365,BARO0,32.28,98036
3.375,BARO0,32.26,98050
3.385,BARO0,32.28,98026
3.395,BARO0,32.27,98024
3.405,BARO0,32.28,97987
3.415,BARO0,32.27,97978
3.425,BARO0,32.25,97971
3.435,BARO0,32.28,97981
3.445,BARO0,32.28,97970
3.455,BARO0,32.27,97980
3.465,BARO0,32.29,97957
3.475,BARO0,32.26,97909
3.485,BARO0,32.29,97902
3.495,BARO0,32.27,97908
3.505,BARO0,32.27,97905
3.515,BARO0,32.27,97863
3.525,BARO0,32.3,97858
3.535,BARO0,32.28,97840
3.545,BARO0,32.29,97863
3.555,BARO0,32.27,97852
3.565,BARO0,32.29,97834
3.575,BARO0,32.27,97813
3.585,BARO0,32.28,97816
3.595,BARO0,32.28,97763
3.605,BARO0,32.27,97752
3.615,BARO0,32.28,97762
3.625,BARO0,32.3,97753
3.635,BARO0,32.29,97710
3.645,BARO0,32.29,97201
3.655,BARO0,32.28,96823
3.665,BARO0,32.29,96556
3.675,BARO0,32.28,96342
3.685,BARO0,32.28,96261
3.695,BARO0,32.27,96159
3.705,BARO0,32.28,96075
3.715,BARO0,32.28,96030
3.725,BARO0,32.27,95963
3.735,BARO0,32.27,95911
3.745,BARO0,32.3,95888
3.755,BARO0,32.3,95860
3.765,BARO0,32.28,95806
3.775,BARO0,32.28,95799
3.785,BARO0,32.28,95763
3.795,BARO0,32.28,95719
3.805,BARO0,32.27,95698
3.815,BARO0,32.29,95680
3.825,BARO0,32.27,95684
3.835,BARO0,32.28,95652
3.845,BARO0,32.28,95623
3.855,BARO0,32.27,95615
3.865,BARO0,32.29,95603
3.875,BARO0,32.26,95561
3.885,BARO0,32.27,95568
3.895,BARO0,32.27,95532
3.905,BARO0,32.29,95483
3.915,BARO0,32.28,95505
3.925,BARO0,32.29,95448
3.935,BARO0,32.3,95425
3.945,BARO0,32.28,95405
3.955,BARO0,32.29,95373
3.965,BARO0,32.28,95361
3.975,BARO0,32.28,95324
3.985,BARO0,32.28,95343
3.995,BARO0,32.28,95276
4.005,BARO0,32.29,95275
4.015,BARO0,32.28,95271
4.025,BARO0,32.28,95220
4.035,BARO0,32.27,95222
4.045,BARO0,32.3,95161
4.055,BARO0,32.28,95181
4.065,BARO0,32.26,95142
4.075,BARO0,32.29,95127
4.085,BARO0,32.26,95092
4.095,BARO0,32.28,95109
4.105,BARO0,32.29,95053
4.115,BARO0,32.29,95050
4.125,BARO0,32.28,95039
4.135,BARO0,32.27,95019
4.145,BARO0,32.28,94995
4.155,BARO0,32.29,94955
4.165,BARO0,32.28,94946
4.175,BARO0,32.29,94922
4.185,BARO0,32.27,94901
4.195,BARO0,32.28,94895
4.205,BARO0,32.29,94844
4.215,BARO0,32.29,94849
4.225,BARO0,32.28,94805
4.235,BARO0,32.27,94777
4.245,BARO0,32.3,94795
4.255,BARO0,32.28,94744
4.265,BARO0,32.26,94716
4.275,BARO0,32.28,94712
4.285,BARO0,32.27,94703
4.295,BARO0,32.28,94677
4.305,BARO0,32.29,94668
4.315,BARO0,32.29,94634
4.325,BARO0,32.28,94627
4.335,BARO0,32.27,94574
4.345,BARO0,32.28,94563
4.355,BARO0,32.27,94531
4.365,BARO0,32.26,94523
4.375,BARO0,32.3,94482
4.385,BARO0,32.29,94454
4.395,BARO0,32.27,94454
4.405,BARO0,32.27,94407
4.415,BARO0,32.28,94384
4.425,BARO0,32.29,94392
4.435,BARO0,32.28,94353
4.445,BARO0,32.28,94344
4.455,BARO0,32.27,94316
4.465,BARO0,32.29,94304
4.475,BARO0,32.28,94260
4.485,BARO0,32.29,94264
4.495,BARO0,32.29,94228
4.505,BARO0,32.29,94210
4.515,BARO0,32.28,94175
4.525,BARO0,32.29,94154
4.535,BARO0,32.26,94132
4.545,BARO0,32.3,94099
4.555,BARO0,32.29,94091
4.565,BARO0,32.28,94067
4.575,BARO0,32.27,94043
4.585,BARO0,32.28,94037
4.595,BARO0,32.29,94019
4.605,BARO0,32.28,93999
4.615,BARO0,32.27,93942
4.625,BARO0,32.28,93929
4.635,BARO0,32.28,93868
4.645,BARO0,32.29,93872
4.655,BARO0,32.28,93864
4.665,BARO0,32.29,93864
4.675,BARO0,32.28,93833
4.685,BARO0,32.28,93775
4.695,BARO0,32.28,93794
4.705,BARO0,32.29,93764
4.715,BARO0,32.28,93754
4.725,BARO0,32.28,93700
4.735,BARO0,32.3,93715
4.745,BARO0,32.28,93674
4.755,BARO0,32.29,93636
4.765,BARO0,32.3,93586
4.775,BARO0,32.27,93612
4.785,BARO0,32.29,93592
4.795,BARO0,32.28,93529
4.805,BARO0,32.29,93544
4.815,BARO0,32.27,93492
4.825,BARO0,32.28,93480
4.835,BARO0,32.26,93445
4.845,BARO0,32.28,93406
4.855,BARO0,32.29,93408
4.865,BARO0,32.28,93375
4.875,BARO0,32.29,93330
4.885,BARO0,32.26,93318
4.895,BARO0,32.29,93321
4.905,BARO0,32.29,93271
4.915,BARO0,32.29,93253
4.925,BARO0,32.28,93265
4.935,BARO0,32.3,93240
4.945,BARO0,32.27,93183
4.955,BARO0,32.3,93155
4.965,BARO0,32.27,93147
4.975,BARO0,32.29,93100
4.985,BARO0,32.31,93111
4.995,BARO0,32.28,93087
5.005,BARO0,32.28,93063
5.015,BARO0,32.27,93034
5.025,BARO0,32.29,93006
5.035,BARO0,32.28,92994
5.045,BARO0,32.28,92941
5.055,BARO0,32.29,92928
5.065,BARO0,32.29,92883
5.075,BARO0,32.31,92865
5.085,BARO0,32.29,92835
5.095,BARO0,32.28,92823
5.105,BARO0,32.29,92781
5.115,BARO0,32.28,92801
5.125,BARO0,32.28,92748
5.135,BARO0,32.28,92750
5.145,BARO0,32.27,92694
5.155,BARO0,32.31,92710
5.165,BARO0,32.28,92661
5.175,BARO0,32.29,92625
5.185,BARO0,32.26,92589
5.195,BARO0,32.28,92593
5.205,BARO0,32.28,92543
5.215,BARO0,32.28,92521
5.225,BARO0,32.3,92503
5.235,BARO0,32.27,92474
5.245,BARO0,32.31,92456
5.255,BARO0,32.28,92407
5.265,BARO0,32.27,92399
5.275,BARO0,32.28,92361
5.285,BARO0,32.27,92319
5.295,BARO0,32.28,92293
5.305,BARO0,32.29,92315
5.315,BARO0,32.29,92240
5.325,BARO0,32.28,92247
5.335,BARO0,32.28,92228
5.345,BARO0,32.28,92182
5.355,BARO0,32.28,92142
5.365,BARO0,32.28,92148
5.375,BARO0,32.28,92099
5.385,BARO0,32.28,92074
5.395,BARO0,32.28,92049
5.405,BARO0,32.28,92051
5.415,BARO0,32.28,91990
5.425,BARO0,32.28,91979
5.435,BARO0,32.28,91947
5.445,BARO0,32.28,91912
5.455,BARO0,32.29,91891
5.465,BARO0,32.28,91846
5.475,BARO0,32.29,91849
5.485,BARO0,32.29,91819
5.495,BARO0,32.28,91791
5.505,BARO0,32.29,91722
5.515,BARO0,32.29,91697
5.525,BARO0,32.28,91669
5.535,BARO0,32.29,91633
5.545,BARO0,32.3,91642
5.555,BARO0,32.27,91563
5.565,BARO0,32.27,91571
5.575,BARO0,32.28,91533
5.585,BARO0,32.28,91516
5.595,BARO0,32.29,91461
5.605,BARO0,32.28,91416
5.615,BARO0,32.29,91400
5.625,BARO0,32.29,91394
5.635,BARO0,32.29,91334
5.645,BARO0,32.27,91278
5.655,BARO0,32.29,91279
5.665,BARO0,32.28,91237
5.675,BARO0,32.28,91201
5.685,BARO0,32.29,91186
5.695,BARO0,32.28,91145
5.705,BARO0,32.28,91140
5.715,BARO0,32.29,91159
5.725,BARO0,32.27,91089
5.735,BARO0,32.3,91071
5.745,BARO0,32.3,91044
5.755,BARO0,32.29,90964
5.765,BARO0,32.28,90962
5.775,BARO0,32.27,90950
5.785,BARO0,32.28,90888
5.795,BARO0,32.28,90882
5.805,BARO0,32.29,90871
5.815,BARO0,32.29,90815
5.825,BARO0,32.28,90815
5.835,BARO0,32.29,90773
5.845,BARO0,32.28,90751
5.855,BARO0,32.29,90722
5.865,BARO0,32.28,90666
5.875,BARO0,32.27,90750
5.885,BARO0,32.29,90720
5.895,BARO0,32.28,90669
5.905,BARO0,32.29,90641
5.915,BARO0,32.27,90578
5.925,BARO0,32.26,90543
5.935,BARO0,32.28,90497
5.945,BARO0,32.28,90427
5.955,BARO0,32.29,90429
5.965,BARO0,32.31,90385
5.975,BARO0,32.29,90352
5.985,BARO0,32.29,90346
5.995,BARO0,32.28,90274
6.005,BARO0,32.28,90250
6.015,BARO0,32.29,90227
6.025,BARO0,32.28,90245
6.035,BARO0,32.28,90221
6.045,BARO0,32.27,90137
6.055,BARO0,32.29,90111
6.065,BARO0,32.29,90093
6.075,BARO0,32.27,90086
6.085,BARO0,32.27,90032
6.095,BARO0,32.29,89980
6.105,BARO0,32.28,89995
6.115,BARO0,32.28,89943
6.125,BARO0,32.3,89942
6.135,BARO0,32.28,89883
6.145,BARO0,32.29,89863
6.155,BARO0,32.28,89804
6.165,BARO0,32.28,89786
6.175,BARO0,32.28,89757
6.185,BARO0,32.27,89717
6.195,BARO0,32.28,89703
6.205,BARO0,32.27,89654
6.215,BARO0,32.28,89645
6.225,BARO0,32.29,89623
6.235,BARO0,32.27,89587
6.245,BARO0,32.29,89538
6.255,BARO0,32.31,89511
6.265,BARO0,32.31,89519
6.275,BARO0,32.27,89455
6.285,BARO0,32.28,89441
6.295,BARO0,32.28,89375
6.305,BARO0,32.27,89362
6.315,BARO0,32.29,89334
6.325,BARO0,32.27,89297
6.335,BARO0,32.26,89257
6.345,BARO0,32.28,89271
6.355,BARO0,32.26,89234
6.365,BARO0,32.3,89206
6.375,BARO0,32.29,89188
6.385,BARO0,32.29,89131
6.395,BARO0,32.28,89089
6.405,BARO0,32.29,89073
6.415,BARO0,32.28,89067
6.425,BARO0,32.28,89010
6.435,BARO0,32.29,88974
6.445,BARO0,32.29,88983
6.455,BARO0,32.28,88943
6.465,BARO0,32.3,88913
6.475,BARO0,32.29,88906
6.485,BARO0,32.3,88854
6.495,BARO0,32.28,88836
6.505,BARO0,32.28,88776
6.515,BARO0,32.29,88760
6.525,BARO0,32.29,88753
6.535,BARO0,32.29,88724
6.545,BARO0,32.27,88707
6.555,BARO0,32.29,88686
6.565,BARO0,32.29,88623
6.575,BARO0,32.28,88594
6.585,BARO0,32.29,88604
6.595,BARO0,32.29,88549
6.605,BARO0,32.28,88516
6.615,BARO0,32.28,88510
6.625,BARO0,32.27,88468
6.635,BARO0,32.3,88415
6.645,BARO0,32.28,88399
6.655,BARO0,32.29,88373
6.665,BARO0,32.29,88352
6.675,BARO0,32.27,88327
6.685,BARO0,32.27,88289
6.695,BARO0,32.28,88282
6.705,BARO0,32.28,88234
6.715,BARO0,32.29,88204
6.725,BARO0,32.27,88184
6.735,BARO0,32.3,88153
6.745,BARO0,32.27,88126
6.755,BARO0,32.25,88087
6.765,BARO0,32.28,88089
6.775,BARO0,32.26,88060
6.785,BARO0,32.28,87982
6.795,BARO0,32.27,87972
6.805,BARO0,32.28,87941
6.815,BARO0,32.28,87943
6.825,BARO0,32.28,87890
6.835,BARO0,32.26,87870
6.845,BARO0,32.29,87865
6.855,BARO0,32.27,87803
6.865,BARO0,32.3,87823
6.875,BARO0,32.27,87800
6.885,BARO0,32.29,87725
6.895,BARO0,32.27,87706
6.905,BARO0,32.27,87677
6.915,BARO0,32.28,87647
6.925,BARO0,32.28,87626
6.935,BARO0,32.28,87608
6.945,BARO0,32.28,87570
6.955,BARO0,32.28,87567
6.965,BARO0,32.28,87540
6.975,BARO0,32.29,87510
6.985,BARO0,32.28,87465
6.995,BARO0,32.29,87462
7.005,BARO0,32.27,87400
7.015,BARO0,32.27,87368
7.025,BARO0,32.3,87365
7.035,BARO0,32.31,87325
7.045,BARO0,32.28,87299
7.055,BARO0,32.28,87296
7.065,BARO0,32.27,87248
7.075,BARO0,32.29,87224
7.085,BARO0,32.29,87212
7.095,BARO0,32.27,87188
7.105,BARO0,32.29,87166
7.115,BARO0,32.29,87088
7.125,BARO0,32.28,87091
7.135,BARO0,32.28,87094
7.145,BARO0,32.27,87077
7.155,BARO0,32.28,87073
7.165,BARO0,32.28,86978
7.175,BARO0,32.28,86958
7.185,BARO0,32.3,86917
7.195,BARO0,32.28,86898
7.205,BARO0,32.27,86873
7.215,BARO0,32.27,86846
7.225,BARO0,32.27,86808
7.235,BARO0,32.28,86788
7.245,BARO0,32.27,86795
7.255,BARO0,32.29,86723
7.265,BARO0,32.29,86717
7.275,BARO0,32.28,86686
7.285,BARO0,32.29,86651
7.295,BARO0,32.27,86642
7.305,BARO0,32.27,86619
7.315,BARO0,32.28,86573
7.325,BARO0,32.27,86522
7.335,BARO0,32.3,86511
7.345,BARO0,32.26,86490
7.355,BARO0,32.26,86486
7.365,BARO0,32.26,86452
7.375,BARO0,32.28,86415
7.385,BARO0,32.28,86416
7.395,BARO0,32.27,86385
7.405,BARO0,32.28,86323
7.415,BARO0,32.28,86307
7.425,BARO0,32.28,86305
7.435,BARO0,32.28,86273
7.445,BARO0,32.29,86252
7.455,BARO0,32.27,86222
7.465,BARO0,32.25,86168
7.475,BARO0,32.28,86199
7.485,BARO0,32.27,86159
7.495,BARO0,32.28,86095
7.505,BARO0,32.29,86080
7.515,BARO0,32.27,86033
7.525,BARO0,32.28,86036
7.535,BARO0,32.26,86003
7.545,BARO0,32.27,86008
7.555,BARO0,32.28,85981
7.565,BARO0,32.27,85925
7.575,BARO0,32.29,85939
7.585,BARO0,32.26,85868
7.595,BARO0,32.27,85889
7.605,BARO0,32.27,85855
7.615,BARO0,32.28,85829
7.625,BARO0,32.28,85779
7.635,BARO0,32.28,85761
7.645,BARO0,32.26,85755
7.655,BARO0,32.27,85722
7.665,BARO0,32.28,85698
7.675,BARO0,32.29,85702
7.685,BARO0,32.28,85620
7.695,BARO0,32.26,85591
7.705,BARO0,32.27,85574
7.715,BARO0,32.27,85553
7.725,BARO0,32.27,85521
7.735,BARO0,32.27,85494
7.745,BARO0,32.27,85480
7.755,BARO0,32.26,85435
7.765,BARO0,32.28,85420
7.775,BARO0,32.29,85421
7.785,BARO0,32.26,85377
7.795,BARO0,32.28,85385
7.805,BARO0,32.27,85358
7.815,BARO0,32.28,85339
7.825,BARO0,32.27,85306
7.835,BARO0,32.26,85259
7.845,BARO0,32.27,85241
7.855,BARO0,32.27,85195
7.865,BARO0,32.28,85183
7.875,BARO0,32.28,85154
7.885,BARO0,32.29,85120
7.895,BARO0,32.28,85151
7.905,BARO0,32.27,85116
7.915,BARO0,32.26,85082
7.925,BARO0,32.27,85049
7.935,BARO0,32.26,85028
7.945,BARO0,32.27,85002
7.955,BARO0,32.28,84914
7.965,BARO0,32.28,84970
7.975,BARO0,32.27,84905
7.985,BARO0,32.27,84917
7.995,BARO0,32.27,84875
8.005,BARO0,32.27,84860
8.015,BARO0,32.26,84826
8.025,BARO0,32.28,84797
8.035,BARO0,32.27,84762
8.045,BARO0,32.3,84763
8.055,BARO0,32.28,84743
8.065,BARO0,32.29,84731
8.075,BARO0,32.26,84685
8.085,BARO0,32.26,84688
8.095,BARO0,32.27,84632
8.105,BARO0,32.27,84607
8.115,BARO0,32.27,84573
8.125,BARO0,32.26,84560
8.135,BARO0,32.25,84548
8.145,BARO0,32.28,84510
8.155,BARO0,32.28,84493
8.165,BARO0,32.27,84482
8.175,BARO0,32.28,84459
8.185,BARO0,32.27,84446
8.195,BARO0,32.27,84391
8.205,BARO0,32.27,84371
8.215,BARO0,32.26,84357
8.225,BARO0,32.28,84317
8.235,BARO0,32.28,84309
8.245,BARO0,32.28,84274
8.255,BARO0,32.27,84268
8.265,BARO0,32.27,84248
8.275,BARO0,32.28,84214
8.285,BARO0,32.26,84220
8.295,BARO0,32.28,84182
8.305,BARO0,32.26,84125
8.315,BARO0,32.27,84131
8.325,BARO0,32.25,84117
8.335,BARO0,32.28,84060
8.345,BARO0,32.28,84058
8.355,BARO0,32.27,84001
8.365,BARO0,32.26,84008
8.375,BARO0,32.26,84006
8.385,BARO0,32.28,83949
8.395,BARO0,32.26,83954
8.405,BARO0,32.27,83919
8.415,BARO0,32.27,83921
8.425,BARO0,32.28,83900
8.435,BARO0,32.26,83845
8.445,BARO0,32.27,83819
8.455,BARO0,32.28,83801
8.465,BARO0,32.27,83787
8.475,BARO0,32.26,83735
8.485,BARO0,32.26,83750
8.495,BARO0,32.26,83721
8.505,BARO0,32.26,83711
8.515,BARO0,32.28,83678
8.525,BARO0,32.24,83635
8.535,BARO0,32.28,83609
8.545,BARO0,32.25,83590
8.555,BARO0,32.28,83574
8.565,BARO0,32.26,83558
8.575,BARO0,32.27,83565
8.585,BARO0,32.26,83488
8.595,BARO0,32.26,83480
8.605,BARO0,32.26,83473
8.615,BARO0,32.27,83442
8.625,BARO0,32.28,83469
8.635,BARO0,32.28,83405
8.645,BARO0,32.27,83387
8.655,BARO0,32.26,83343
8.665,BARO0,32.27,83367
8.675,BARO0,32.27,83347
8.685,BARO0,32.26,83282
8.695,BARO0,32.27,83253
8.705,BARO0,32.27,83228
8.715,BARO0,32.27,83232
8.725,BARO0,32.27,83219
8.735,BARO0,32.26,83192
8.745,BARO0,32.26,83169
8.755,BARO0,32.27,83129
8.765,BARO0,32.24,83107
8.775,BARO0,32.29,83116
8.785,BARO0,32.28,83067
8.795,BARO0,32.26,83062
8.805,BARO0,32.26,83003
8.815,BARO0,32.28,83017
8.825,BARO0,32.29,82996
8.835,BARO0,32.27,82973
8.845,BARO0,32.28,82948
8.855,BARO0,32.27,82909
8.865,BARO0,32.29,82889
8.875,BARO0,32.25,82863
8.885,BARO0,32.26,82875
8.895,BARO0,32.26,82857
8.905,BARO0,32.27,82832
8.915,BARO0,32.29,82795
8.925,BARO0,32.26,82778
8.935,BARO0,32.26,82760
8.945,BARO0,32.27,82735
8.955,BARO0,32.28,82690
8.965,BARO0,32.26,82681
8.975,BARO0,32.26,82640
8.985,BARO0,32.27,82621
8.995,BARO0,32.26,82629
9.005,BARO0,32.28,82587
9.015,BARO0,32.28,82578
9.025,BARO0,32.26,82554
9.035,BARO0,32.3,82529
9.045,BARO0,32.27,82518
9.055,BARO0,32.28,82494
9.065,BARO0,32.27,82461
9.075,BARO0,32.26,82440
9.085,BARO0,32.26,82419
9.095,BARO0,32.26,82420
9.105,BARO0,32.26,82358
9.115,BARO0,32.27,82371
9.125,BARO0,32.26,82344
9.135,BARO0,32.28,82335
9.145,BARO0,32.28,82299
9.155,BARO0,32.28,82246
9.165,BARO0,32.26,82243
9.175,BARO0,32.28,82251
9.185,BARO0,32.26,82200
9.195,BARO0,32.26,82206
9.205,BARO0,32.27,82169
9.215,BARO0,32.26,82132
9.225,BARO0,32.27,82132
9.235,BARO0,32.27,82132
9.245,BARO0,32.26,82088
9.255,BARO0,32.27,82062
9.265,BARO0,32.29,82072
9.275,BARO0,32.29,82044
9.285,BARO0,32.27,82038
9.295,BARO0,32.27,82019
9.305,BARO0,32.27,81959
9.315,BARO0,32.28,81951
9.325,BARO0,32.28,81941
9.335,BARO0,32.25,81891
9.345,BARO0,32.26,81898
9.355,BARO0,32.26,81871
9.365,BARO0,32.28,81838
9.375,BARO0,32.27,81853
9.385,BARO0,32.25,81801
9.395,BARO0,32.27,81809
9.405,BARO0,32.26,81781
9.415,BARO0,32.26,81750
9.425,BARO0,32.26,81696
9.435,BARO0,32.27,81669
9.445,BARO0,32.27,81688
9.455,BARO0,32.29,81647
9.465,BARO0,32.26,81645
9.475,BARO0,32.26,81633
9.485,BARO0,32.26,81626
9.495,BARO0,32.27,81591
9.505,BARO0,32.26,81545
9.515,BARO0,32.27,81542
9.525,BARO0,32.25,81532
9.535,BARO0,32.28,81518
9.545,BARO0,32.27,81478
9.555,BARO0,32.28,81478
9.565,BARO0,32.28,81437
9.575,BARO0,32.26,81439
9.585,BARO0,32.27,81430
9.595,BARO0,32.26,81364
9.605,BARO0,32.26,81366
9.615,BARO0,32.27,81373
9.625,BARO0,32.26,81333
9.635,BARO0,32.26,81296
9.645,BARO0,32.23,81285
9.655,BARO0,32.25,81273
9.665,BARO0,32.29,81253
9.675,BARO0,32.25,81234
9.685,BARO0,32.26,81197
9.695,BARO0,32.25,81156
9.705,BARO0,32.27,81150
9.715,BARO0,32.28,81174
9.725,BARO0,32.28,81127
9.735,BARO0,32.26,81117
9.745,BARO0,32.25,81110
9.755,BARO0,32.26,81063
9.765,BARO0,32.3,81032
9.775,BARO0,32.27,81057
9.785,BARO0,32.27,81039
9.795,BARO0,32.26,81026
9.805,BARO0,32.26,80945
9.815,BARO0,32.3,80972
9.825,BARO0,32.25,80933
9.835,BARO0,32.25,80894
9.845,BARO0,32.26,80901
9.855,BARO0,32.28,80882
9.865,BARO0,32.27,80880
9.875,BARO0,32.26,80854
9.885,BARO0,32.26,80846
9.895,BARO0,32.25,80805
9.905,BARO0,32.26,80782
9.915,BARO0,32.26,80729
9.925,BARO0,32.24,80737
9.935,BARO0,32.26,80748
9.945,BARO0,32.26,80707
9.955,BARO0,32.27,80721
9.965,BARO0,32.27,80668
9.975,BARO0,32.26,80620
9.985,BARO0,32.26,80647
9.995,BARO0,32.27,80626
10.005,BARO0,32.27,80615
10.015,BARO0,32.26,80555
10.025,BARO0,32.27,80547
10.035,BARO0,32.26,80525
10.045,BARO0,32.27,80528
10.055,BARO0,32.27,80527
10.065,BARO0,32.27,80472
10.075,BARO0,32.25,80466
10.085,BARO0,32.27,80432
10.095,BARO0,32.27,80421
10.105,BARO0,32.26,80387
10.115,BARO0,32.27,80383
10.125,BARO0,32.27,80370
10.135,BARO0,32.25,80341
10.145,BARO0,32.26,80320
10.155,BARO0,32.27,80332
10.165,BARO0,32.26,80295
10.175,BARO0,32.26,80262
10.185,BARO0,32.27,80252
10.195,BARO0,32.27,80239
10.205,BARO0,32.26,80215
10.215,BARO0,32.25,80183
10.225,BARO0,32.25,80192
10.235,BARO0,32.26,80169
10.245,BARO0,32.25,80173
10.255,BARO0,32.26,80161
10.265,BARO0,32.27,80115
10.275,BARO0,32.29,80092
10.285,BARO0,32.25,80067
10.295,BARO0,32.26,80048
10.305,BARO0,32.27,80038
10.315,BARO0,32.29,80001
10.325,BARO0,32.25,79998
10.335,BARO0,32.26,79962
10.345,BARO0,32.27,79960
10.355,BARO0,32.28,79946
10.365,BARO0,32.26,79933
10.375,BARO0,32.26,79934
10.385,BARO0,32.26,79886
10.395,BARO0,32.27,79879
10.405,BARO0,32.27,79839
10.415,BARO0,32.26,79848
10.425,BARO0,32.26,79812
10.435,BARO0,32.28,79829
10.445,BARO0,32.27,79796
10.455,BARO0,32.26,79766
10.465,BARO0,32.26,79742
10.475,BARO0,32.25,79717
10.485,BARO0,32.25,79721
10.495,BARO0,32.25,79717
10.505,BARO0,32.26,79655
10.515,BARO0,32.25,79638
10.525,BARO0,32.27,79622
10.535,BARO0,32.26,79609
10.545,BARO0,32.23,79620
10.555,BARO0,32.24,79603
10.565,BARO0,32.28,79564
10.575,BARO0,32.27,79556
10.585,BARO0,32.27,79562
10.595,BARO0,32.26,79527
10.605,BARO0,32.25,79477
10.615,BARO0,32.28,79499
10.625,BARO0,32.26,79470
10.635,BARO0,32.25,79435
10.645,BARO0,32.26,79420
10.655,BARO0,32.26,79429
10.665,BARO0,32.26,79372
10.675,BARO0,32.24,79376
10.685,BARO0,32.27,79381
10.695,BARO0,32.26,79354
10.705,BARO0,32.25,79334
10.715,BARO0,32.27,79313
10.725,BARO0,32.25,79286
10.735,BARO0,32.27,79260
10.745,BARO0,32.26,79268
10.755,BARO0,32.26,79239
10.765,BARO0,32.26,79243
10.775,BARO0,32.27,79195
10.785,BARO0,32.27,79195
10.795,BARO0,32.26,79192
10.805,BARO0,32.26,79164
10.815,BARO0,32.28,79142
10.825,BARO0,32.26,79127
10.835,BARO0,32.25,79104
10.845,BARO0,32.28,79089
10.855,BARO0,32.24,79086
10.865,BARO0,32.26,79063
10.875,BARO0,32.27,79044
10.885,BARO0,32.26,79038
10.895,BARO0,32.25,79019
10.905,BARO0,32.25,78965
10.915,BARO0,32.25,78980
10.925,BARO0,32.25,78953
10.935,BARO0,32.25,78936
10.945,BARO0,32.24,78910
10.955,BARO0,32.26,78857
10.965,BARO0,32.26,78902
10.975,BARO0,32.26,78871
10.985,BARO0,32.27,78862
10.995,BARO0,32.26,78843
11.005,BARO0,32.26,78838
11.015,BARO0,32.28,78787
11.025,BARO0,32.25,78780
11.035,BARO0,32.25,78754
11.045,BARO0,32.25,78756
11.055,BARO0,32.27,78704
11.065,BARO0,32.26,78706
11.075,BARO0,32.25,78710
11.085,BARO0,32.25,78709
11.095,BARO0,32.27,78690
11.105,BARO0,32.26,78665
11.115,BARO0,32.24,78632
11.125,BARO0,32.27,78592
11.135,BARO0,32.27,78633
11.145,BARO0,32.26,78586
11.155,BARO0,32.26,78569
11.165,BARO0,32.29,78573
11.175,BARO0,32.27,78534
11.185,BARO0,32.26,78511
11.195,BARO0,32.25,78499
11.205,BARO0,32.25,78477
11.215,BARO0,32.26,78474
11.225,BARO0,32.26,78470
11.235,BARO0,32.25,78422
11.245,BARO0,32.25,78430
11.255,BARO0,32.24,78428
11.265,BARO0,32.23,78371
11.275,BARO0,32.27,78380
11.285,BARO0,32.26,78360
11.295,BARO0,32.27,78334
11.305,BARO0,32.26,78332
11.315,BARO0,32.26,78294
11.325,BARO0,32.26,78292
11.335,BARO0,32.27,78272
11.345,BARO0,32.28,78259
11.355,BARO0,32.27,78248
11.365,BARO0,32.28,78222
11.375,BARO0,32.28,78197
11.385,BARO0,32.26,78168
11.395,BARO0,32.27,78192
11.405,BARO0,32.26,78146
11.415,BARO0,32.3,78133
11.425,BARO0,32.26,78126
11.435,BARO0,32.26,78103
11.445,BARO0,32.29,78098
11.455,BARO0,32.27,78090
11.465,BARO0,32.27,78048
11.475,BARO0,32.27,78063
11.485,BARO0,32.27,78025
11.495,BARO0,32.26,77998
11.505,BARO0,32.26,78026
11.515,BARO0,32.25,77995
11.525,BARO0,32.28,77967
11.535,BARO0,32.27,77960
11.545,BARO0,32.28,77937
11.555,BARO0,32.25,77925
11.565,BARO0,32.27,77895
11.575,BARO0,32.27,77887
11.585,BARO0,32.27,77883
11.595,BARO0,32.27,77881
11.605,BARO0,32.26,77863
11.615,BARO0,32.25,77826
11.625,BARO0,32.26,77821
11.635,BARO0,32.25,77797
11.645,BARO0,32.24,77762
11.655,BARO0,32.25,77744
11.665,BARO0,32.28,77731
11.675,BARO0,32.25,77722
11.685,BARO0,32.26,77709
11.695,BARO0,32.27,77712
11.705,BARO0,32.26,77667
11.715,BARO0,32.25,77664
11.725,BARO0,32.27,77654
11.735,BARO0,32.24,77627
11.745,BARO0,32.26,77625
11.755,BARO0,32.25,77598
11.765,BARO0,32.28,77580
11.775,BARO0,32.26,77593
11.785,BARO0,32.25,77566
11.795,BARO0,32.26,77539
11.805,BARO0,32.25,77539
11.815,BARO0,32.25,77470
11.825,BARO0,32.27,77500
11.835,BARO0,32.25,77496
11.845,BARO0,32.25,77460
11.855,BARO0,32.26,77467
11.865,BARO0,32.27,77427
11.875,BARO0,32.27,77401
11.885,BARO0,32.26,77407
11.895,BARO0,32.26,77423
11.905,BARO0,32.26,77378
11.915,BARO0,32.27,77359
11.925,BARO0,32.24,77364
11.935,BARO0,32.27,77308
11.945,BARO0,32.24,77296
11.955,BARO0,32.26,77292
11.965,BARO0,32.26,77316
11.975,BARO0,32.25,77243
11.985,BARO0,32.26,77287
11.995,BARO0,32.25,77266
12.005,BARO0,32.27,77231
12.015,BARO0,32.25,77188
12.025,BARO0,32.26,77192
12.035,BARO0,32.25,77204
12.045,BARO0,32.26,77192
12.055,BARO0,32.25,77192
12.065,BARO0,32.25,77147
12.075,BARO0,32.25,77146
12.085,BARO0,32.25,77133
12.095,BARO0,32.25,77092
12.105,BARO0,32.26,77105
12.115,BARO0,32.23,77068
12.125,BARO0,32.26,77064
12.135,BARO0,32.26,77009
12.145,BARO0,32.26,77039
12.155,BARO0,32.27,77016
12.165,BARO0,32.27,76988
12.175,BARO0,32.26,76997
12.185,BARO0,32.26,76964
12.195,BARO0,32.25,76981
12.205,BARO0,32.27,76934
12.215,BARO0,32.26,76931
12.225,BARO0,32.25,76903
12.235,BARO0,32.26,76909
12.245,BARO0,32.24,76911
12.255,BARO0,32.26,76896
12.265,BARO0,32.27,76857
12.275,BARO0,32.28,76848
12.285,BARO0,32.25,76807
12.295,BARO0,32.26,76831
12.305,BARO0,32.26,76788
12.315,BARO0,32.25,76783
12.325,BARO0,32.26,76762
12.335,BARO0,32.26,76713
12.345,BARO0,32.27,76733
12.355,BARO0,32.27,76730
12.365,BARO0,32.25,76712
12.375,BARO0,32.25,76711
12.385,BARO0,32.25,76664
12.395,BARO0,32.26,76641
12.405,BARO0,32.25,76631
12.415,BARO0,32.26,76656
12.425,BARO0,32.26,76615
12.435,BARO0,32.26,76587
12.445,BARO0,32.26,76594
12.455,BARO0,32.26,76562
12.465,BARO0,32.26,76592
12.475,BARO0,32.27,76531
12.485,BARO0,32.27,76515
12.495,BARO0,32.26,76548
12.505,BARO0,32.25,76478
12.515,BARO0,32.26,76492
12.525,BARO0,32.25,76486
12.535,BARO0,32.25,76480
12.545,BARO0,32.25,76471
12.555,BARO0,32.26,76419
12.565,BARO0,32.29,76429
12.575,BARO0,32.26,76395
12.585,BARO0,32.26,76402
12.595,BARO0,32.26,76401
12.605,BARO0,32.26,76363
12.615,BARO0,32.28,76350
12.625,BARO0,32.26,76353
12.635,BARO0,32.23,76340
12.645,BARO0,32.28,76312
12.655,BARO0,32.25,76274
12.665,BARO0,32.28,76320
12.675,BARO0,32.26,76299
12.685,BARO0,32.26,76260
12.695,BARO0,32.24,76234
12.705,BARO0,32.26,76235
12.715,BARO0,32.24,76188
12.725,BARO0,32.25,76206
12.735,BARO0,32.28,76217
12.745,BARO0,32.28,76162
12.755,BARO0,32.26,76152
12.765,BARO0,32.27,76130
12.775,BARO0,32.26,76134
12.785,BARO0,32.25,76139
12.795,BARO0,32.26,76098
12.805,BARO0,32.26,76117
12.815,BARO0,32.25,76086
12.825,BARO0,32.29,76082
12.835,BARO0,32.24,76062
12.845,BARO0,32.28,76025
12.855,BARO0,32.26,76038
12.865,BARO0,32.27,76025
12.875,BARO0,32.26,75996
12.885,BARO0,32.26,75981
12.895,BARO0,32.25,75948
12.905,BARO0,32.27,75977
12.915,BARO0,32.26,75937
12.925,BARO0,32.27,75930
12.935,BARO0,32.26,75905
12.945,BARO0,32.25,75893
12.955,BARO0,32.23,75873
12.965,BARO0,32.27,75858
12.975,BARO0,32.25,75876
12.985,BARO0,32.26,75836
12.995,BARO0,32.27,75862
13.005,BARO0,32.25,75808
13.015,BARO0,32.26,75838
13.025,BARO0,32.26,75796
13.035,BARO0,32.29,75771
13.045,BARO0,32.25,75745
13.055,BARO0,32.27,75746
13.065,BARO0,32.26,75756
13.075,BARO0,32.28,75707
13.085,BARO0,32.25,75701
13.095,BARO0,32.25,75698
13.105,BARO0,32.27,75699
13.115,BARO0,32.27,75702
13.125,BARO0,32.27,75669
13.135,BARO0,32.28,75651
13.145,BARO0,32.26,75645
13.155,BARO0,32.27,75638
13.165,BARO0,32.27,75622
13.175,BARO0,32.24,75624
13.185,BARO0,32.25,75574
13.195,BARO0,32.25,75555
13.205,BARO0,32.27,75556
13.215,BARO0,32.28,75570
13.225,BARO0,32.25,75524
13.235,BARO0,32.26,75521
13.245,BARO0,32.29,75498
13.255,BARO0,32.25,75517
13.265,BARO0,32.27,75498
13.275,BARO0,32.24,75467
13.285,BARO0,32.27,75484
13.295,BARO0,32.25,75428
13.305,BARO0,32.26,75434
13.315,BARO0,32.27,75391
13.325,BARO0,32.27,75432
13.335,BARO0,32.27,75372
13.345,BARO0,32.28,75353
13.355,BARO0,32.26,75357
13.365,BARO0,32.24,75382
13.375,BARO0,32.26,75331
13.385,BARO0,32.25,75306
13.395,BARO0,32.26,75342
13.405,BARO0,32.25,75281
13.415,BARO0,32.26,75283
13.425,BARO0,32.26,75270
13.435,BARO0,32.27,75271
13.445,BARO0,32.24,75255
13.455,BARO0,32.25,75218
13.465,BARO0,32.27,75243
13.475,BARO0,32.28,75182
13.485,BARO0,32.26,75203
13.495,BARO0,32.25,75181
13.505,BARO0,32.27,75162
13.515,BARO0,32.25,75188
13.525,BARO0,32.25,75126
13.535,BARO0,32.27,75141
13.545,BARO0,32.27,75149
13.555,BARO0,32.27,75111
13.565,BARO0,32.25,75096
13.575,BARO0,32.26,75083
13.585,BARO0,32.26,75114
13.595,BARO0,32.26,75064
13.605,BARO0,32.25,75060
13.615,BARO0,32.25,75036
13.625,BARO0,32.24,75026
13.635,BARO0,32.25,75012
13.645,BARO0,32.27,75038
13.655,BARO0,32.27,74995
13.665,BARO0,32.25,74994
13.675,BARO0,32.26,74961
13.685,BARO0,32.26,74942
13.695,BARO0,32.25,74955
13.705,BARO0,32.27,74921
13.715,BARO0,32.25,74906
13.725,BARO0,32.26,74938
13.735,BARO0,32.25,74866
13.745,BARO0,32.28,74915
13.755,BARO0,32.28,74857
13.765,BARO0,32.25,74871
13.775,BARO0,32.26,74822
13.785,BARO0,32.27,74854
13.795,BARO0,32.25,74849
13.805,BARO0,32.26,74849
13.815,BARO0,32.25,74788
13.825,BARO0,32.25,74810
13.835,BARO0,32.26,74776
13.845,BARO0,32.27,74745
13.855,BARO0,32.25,74746
13.865,BARO0,32.24,74730
13.875,BARO0,32.28,74708
13.885,BARO0,32.25,74717
13.895,BARO0,32.25,74696
13.905,BARO0,32.26,74681
13.915,BARO0,32.25,74708
13.925,BARO0,32.26,74670
13.935,BARO0,32.27,74645
13.945,BARO0,32.26,74631
13.955,BARO0,32.26,74649
13.965,BARO0,32.25,74626
13.975,BARO0,32.28,74624
13.985,BARO0,32.26,74571
13.995,BARO0,32.27,74609
14.005,BARO0,32.26,74585
14.015,BARO0,32.26,74554
14.025,BARO0,32.28,74572
14.035,BARO0,32.25,74518
14.045,BARO0,32.28,74534
14.055,BARO0,32.26,74492
14.065,BARO0,32.26,74499
14.075,BARO0,32.26,74498
14.085,BARO0,32.25,74465
14.095,BARO0,32.26,74491
14.105,BARO0,32.26,74462
14.115,BARO0,32.26,74453
14.125,BARO0,32.26,74438
14.135,BARO0,32.25,74439
14.145,BARO0,32.26,74419
14.155,BARO0,32.25,74406
14.165,BARO0,32.26,74412
14.175,BARO0,32.26,74352
14.185,BARO0,32.25,74338
14.195,BARO0,32.26,74356
14.205,BARO0,32.27,74346
14.215,BARO0,32.26,74340
14.225,BARO0,32.27,74308
14.235,BARO0,32.26,74304
14.245,BARO0,32.26,74292
14.255,BARO0,32.28,74304
14.265,BARO0,32.27,74270
14.275,BARO0,32.25,74270
14.285,BARO0,32.25,74261
14.295,BARO0,32.26,74243
14.305,BARO0,32.25,74237
14.315,BARO0,32.24,74221
14.325,BARO0,32.28,74201
14.335,BARO0,32.28,74189
14.345,BARO0,32.26,74155
14.355,BARO0,32.26,74140
14.365,BARO0,32.27,74154
14.375,BARO0,32.25,74122
14.385,BARO0,32.25,74120
14.395,BARO0,32.26,74092
14.405,BARO0,32.27,74122
14.415,BARO0,32.25,74095
14.425,BARO0,32.26,74101
14.435,BARO0,32.26,74109
14.445,BARO0,32.25,74075
14.455,BARO0,32.27,74020
14.465,BARO0,32.27,74049
14.475,BARO0,32.25,73996
14.485,BARO0,32.26,74038
14.495,BARO0,32.27,74027
14.505,BARO0,32.27,74005
14.515,BARO0,32.25,73993
14.525,BARO0,32.24,73924
14.535,BARO0,32.27,73948
14.545,BARO0,32.25,73957
14.555,BARO0,32.27,73970
14.565,BARO0,32.26,73947
14.575,BARO0,32.27,73921
14.585,BARO0,32.25,73921
14.595,BARO0,32.26,73902
14.605,BARO0,32.26,73887
14.615,BARO0,32.26,73908
14.625,BARO0,32.28,73843
14.635,BARO0,32.27,73830
14.645,BARO0,32.26,73827
14.655,BARO0,32.26,73831
14.665,BARO0,32.26,73841
14.675,BARO0,32.25,73793
14.685,BARO0,32.27,73819
14.695,BARO0,32.26,73813
14.705,BARO0,32.25,73788
14.715,BARO0,32.26,73751
14.725,BARO0,32.26,73737
14.735,BARO0,32.25,73729
14.745,BARO0,32.26,73734
14.755,BARO0,32.25,73735
14.765,BARO0,32.27,73692
14.775,BARO0,32.28,73728
14.785,BARO0,32.27,73704
14.795,BARO0,32.27,73701
14.805,BARO0,32.25,73649
14.815,BARO0,32.26,73648
14.825,BARO0,32.26,73669
14.835,BARO0,32.27,73648
14.845,BARO0,32.28,73635
14.855,BARO0,32.27,73613
14.865,BARO0,32.27,73597
14.875,BARO0,32.26,73604
14.885,BARO0,32.25,73592
14.895,BARO0,32.25,73589
14.905,BARO0,32.25,73548
14.915,BARO0,32.24,73527
14.925,BARO0,32.26,73560
14.935,BARO0,32.29,73514
14.945,BARO0,32.23,73506
14.955,BARO0,32.26,73502
14.965,BARO0,32.27,73511
14.975,BARO0,32.25,73481
14.985,BARO0,32.27,73499
14.995,BARO0,32.25,73425
15.005,BARO0,32.25,73458
15.015,BARO0,32.26,73431
15.025,BARO0,32.25,73409
15.035,BARO0,32.25,73427
15.045,BARO0,32.27,73420
15.055,BARO0,32.28,73416
15.065,BARO0,32.26,73398
15.075,BARO0,32.26,73405
15.085,BARO0,32.27,73361
15.095,BARO0,32.25,73347
15.105,BARO0,32.25,73361
15.115,BARO0,32.25,73336
15.125,BARO0,32.27,73336
15.135,BARO0,32.25,73329
15.145,BARO0,32.25,73301
15.155,BARO0,32.28,73289
15.165,BARO0,32.25,73292
15.175,BARO0,32.25,73283
15.185,BARO0,32.27,73279
15.195,BARO0,32.25,73228
15.205,BARO0,32.26,73254
15.215,BARO0,32.27,73233
15.225,BARO0,32.26,73246
15.235,BARO0,32.25,73222
15.245,BARO0,32.25,73205
15.255,BARO0,32.27,73216
15.265,BARO0,32.26,73216
15.275,BARO0,32.26,73186
15.285,BARO0,32.26,73170
15.295,BARO0,32.26,73162
15.305,BARO0,32.27,73172
15.315,BARO0,32.26,73150
15.325,BARO0,32.27,73122
15.335,BARO0,32.25,73113
15.345,BARO0,32.27,73135
15.355,BARO0,32.28,73089
15.365,BARO0,32.26,73085
15.375,BARO0,32.25,73086
15.385,BARO0,32.26,73069
15.395,BARO0,32.26,73036
15.405,BARO0,32.25,73044
15.415,BARO0,32.27,73022
15.425,BARO0,32.26,73002
15.435,BARO0,32.26,73028
15.445,BARO0,32.26,72988
15.455,BARO0,32.26,73002
15.465,BARO0,32.26,73002
15.475,BARO0,32.26,72987
15.485,BARO0,32.27,72940
15.495,BARO0,32.24,72966
15.505,BARO0,32.26,72965
15.515,BARO0,32.24,72949
15.525,BARO0,32.25,72918
15.535,BARO0,32.24,72894
15.545,BARO0,32.25,72921
15.555,BARO0,32.25,72911
15.565,BARO0,32.26,72907
15.575,BARO0,32.25,72899
15.585,BARO0,32.25,72891
15.595,BARO0,32.27,72868
15.605,BARO0,32.26,72835
15.615,BARO0,32.26,72848
15.625,BARO0,32.27,72820
15.635,BARO0,32.25,72815
15.645,BARO0,32.27,72818
15.655,BARO0,32.25,72813
15.665,BARO0,32.23,72789
15.675,BARO0,32.27,72757
15.685,BARO0,32.24,72795
15.695,BARO0,32.26,72737
15.705,BARO0,32.27,72763
15.715,BARO0,32.25,72722
15.725,BARO0,32.26,72735
15.735,BARO0,32.26,72728
15.745,BARO0,32.27,72709
15.755,BARO0,32.26,72694
15.765,BARO0,32.26,72700
15.775,BARO0,32.25,72698
15.785,BARO0,32.26,72656
15.795,BARO0,32.25,72687
15.805,BARO0,32.27,72678
15.815,BARO0,32.28,72666
15.825,BARO0,32.25,72633
15.835,BARO0,32.27,72633
15.845,BARO0,32.25,72625
15.855,BARO0,32.28,72645
15.865,BARO0,32.26,72608
15.875,BARO0,32.26,72601
15.885,BARO0,32.26,72553
15.895,BARO0,32.27,72558
15.905,BARO0,32.28,72542
15.915,BARO0,32.26,72552
15.925,BARO0,32.25,72530
15.935,BARO0,32.27,72488
15.945,BARO0,32.26,72500
15.955,BARO0,32.27,72529
15.965,BARO0,32.25,72482
15.975,BARO0,32.25,72472
15.985,BARO0,32.25,72472
15.995,BARO0,32.25,72454
16.005,BARO0,32.27,72482
16.015,BARO0,32.25,72475
16.025,BARO0,32.26,72460
16.035,BARO0,32.26,72424
16.045,BARO0,32.28,72456
16.055,BARO0,32.26,72429
16.065,BARO0,32.28,72405
16.075,BARO0,32.26,72424
16.085,BARO0,32.27,72379
16.095,BARO0,32.26,72361
16.105,BARO0,32.24,72355
16.115,BARO0,32.28,72394
16.125,BARO0,32.25,72354
16.135,BARO0,32.27,72344
16.145,BARO0,32.27,72354
16.155,BARO0,32.26,72327
16.165,BARO0,32.25,72353
16.175,BARO0,32.26,72301
16.185,BARO0,32.25,72282
16.195,BARO0,32.27,72271
16.205,BARO0,32.24,72285
16.215,BARO0,32.25,72295
16.225,BARO0,32.26,72252
16.235,BARO0,32.25,72253
16.245,BARO0,32.27,72277
16.255,BARO0,32.28,72235
16.265,BARO0,32.25,72208
16.275,BARO0,32.25,72184
16.285,BARO0,32.27,72226
16.295,BARO0,32.26,72184
16.305,BARO0,32.27,72194
16.315,BARO0,32.25,72197
16.325,BARO0,32.26,72193
16.335,BARO0,32.26,72169
16.345,BARO0,32.26,72132
16.355,BARO0,32.25,72146
16.365,BARO0,32.28,72125
16.375,BARO0,32.26,72111
16.385,BARO0,32.26,72092
16.395,BARO0,32.25,72142
16.405,BARO0,32.27,72130
16.415,BARO0,32.27,72074
16.425,BARO0,32.29,72109
16.435,BARO0,32.26,72053
16.445,BARO0,32.26,72060
16.455,BARO0,32.28,72064
16.465,BARO0,32.26,72090
16.475,BARO0,32.26,72053
16.485,BARO0,32.26,72025
16.495,BARO0,32.26,72054
16.505,BARO0,32.26,72018
16.515,BARO0,32.25,72047
16.525,BARO0,32.26,72024
16.535,BARO0,32.24,71997
16.545,BARO0,32.28,72010
16.555,BARO0,32.26,71980
16.565,BARO0,32.26,71953
16.575,BARO0,32.27,71952
16.585,BARO0,32.26,71935
16.595,BARO0,32.26,71929
16.605,BARO0,32.27,71933
16.615,BARO0,32.28,71903
16.625,BARO0,32.26,71943
16.635,BARO0,32.27,71929
16.645,BARO0,32.28,71904
16.655,BARO0,32.26,71925
16.665,BARO0,32.26,71921
16.675,BARO0,32.26,71848
16.685,BARO0,32.26,71876
16.695,BARO0,32.26,71876
16.705,BARO0,32.25,71846
16.715,BARO0,32.26,71860
16.725,BARO0,32.28,71800
16.735,BARO0,32.28,71844
16.745,BARO0,32.27,71800
16.755,BARO0,32.27,71817
16.765,BARO0,32.25,71808
16.775,BARO0,32.27,71810
16.785,BARO0,32.25,71768
16.795,BARO0,32.26,71798
16.805,BARO0,32.27,71772
16.815,BARO0,32.25,71755
16.825,BARO0,32.26,71734
16.835,BARO0,32.26,71765
16.845,BARO0,32.26,71734
16.855,BARO0,32.25,71734
16.865,BARO0,32.27,71700
16.875,BARO0,32.25,71723
16.885,BARO0,32.26,71713
16.895,BARO0,32.26,71700
16.905,BARO0,32.27,71697
16.915,BARO0,32.24,71639
16.925,BARO0,32.27,71660
16.935,BARO0,32.26,71665
16.945,BARO0,32.26,71658
16.955,BARO0,32.24,71626
16.965,BARO0,32.25,71655
16.975,BARO0,32.25,71645
16.985,BARO0,32.26,71655
16.995,BARO0,32.26,71628
17.005,BARO0,32.25,71589
17.015,BARO0,32.26,71610
17.025,BARO0,32.27,71613
17.035,BARO0,32.25,71611
17.045,BARO0,32.29,71584
17.055,BARO0,32.26,71542
17.065,BARO0,32.26,71543
17.075,BARO0,32.25,71521
17.085,BARO0,32.27,71550
17.095,BARO0,32.26,71514
17.105,BARO0,32.25,71548
17.115,BARO0,32.24,71519
17.125,BARO0,32.25,71499
17.135,BARO0,32.24,71497
17.145,BARO0,32.25,71497
17.155,BARO0,32.26,71492
17.165,BARO0,32.24,71487
17.175,BARO0,32.27,71462
17.185,BARO0,32.25,71453
17.195,BARO0,32.27,71433
17.205,BARO0,32.27,71433
17.215,BARO0,32.28,71459
17.225,BARO0,32.25,71438
17.235,BARO0,32.27,71405
17.245,BARO0,32.28,71404
17.255,BARO0,32.26,71391
17.265,BARO0,32.25,71389
17.275,BARO0,32.26,71363
17.285,BARO0,32.27,71358
17.295,BARO0,32.26,71350
17.305,BARO0,32.27,71366
17.315,BARO0,32.27,71381
17.325,BARO0,32.24,71364
17.335,BARO0,32.28,71334
17.345,BARO0,32.25,71317
17.355,BARO0,32.28,71306
17.365,BARO0,32.25,71317
17.375,BARO0,32.27,71304
17.385,BARO0,32.25,71327
17.395,BARO0,32.26,71277
17.405,BARO0,32.27,71271
17.415,BARO0,32.25,71286
17.425,BARO0,32.26,71293
17.435,BARO0,32.27,71282
17.445,BARO0,32.27,71276
17.455,BARO0,32.26,71263
17.465,BARO0,32.26,71210
17.475,BARO0,32.27,71251
17.485,BARO0,32.25,71195
17.495,BARO0,32.26,71190
17.505,BARO0,32.26,71202
17.515,BARO0,32.25,71179
17.525,BARO0,32.26,71189
17.535,BARO0,32.27,71167
17.545,BARO0,32.28,71165
17.555,BARO0,32.24,71181
17.565,BARO0,32.26,71202
17.575,BARO0,32.27,71126
17.585,BARO0,32.28,71134
17.595,BARO0,32.26,71137
17.605,BARO0,32.28,71097
17.615,BARO0,32.26,71124
17.625,BARO0,32.26,71154
17.635,BARO0,32.26,71112
17.645,BARO0,32.27,71117
17.655,BARO0,32.26,71101
17.665,BARO0,32.25,71080
17.675,BARO0,32.25,71104
17.685,BARO0,32.26,71063
17.695,BARO0,32.27,71091
17.705,BARO0,32.28,71065
17.715,BARO0,32.25,71046
17.725,BARO0,32.27,71057
17.735,BARO0,32.26,71045
17.745,BARO0,32.25,71040
17.755,BARO0,32.26,71046
17.765,BARO0,32.27,71011
17.775,BARO0,32.26,70988
17.785,BARO0,32.27,71024
17.795,BARO0,32.27,71016
17.805,BARO0,32.28,70989
17.815,BARO0,32.26,71001
17.825,BARO0,32.28,70968
17.835,BARO0,32.28,70952
17.845,BARO0,32.26,70941
17.855,BARO0,32.27,70948
17.865,BARO0,32.26,70945
17.875,BARO0,32.27,70944
17.885,BARO0,32.28,70976
17.895,BARO0,32.26,70905
17.905,BARO0,32.28,70921
17.915,BARO0,32.26,70901
17.925,BARO0,32.28,70933
17.935,BARO0,32.27,70886
17.945,BARO0,32.28,70883
17.955,BARO0,32.25,70870
17.965,BARO0,32.26,70861
17.975,BARO0,32.27,70903
17.985,BARO0,32.26,70850
17.995,BARO0,32.27,70878
18.005,BARO0,32.25,70854
18.015,BARO0,32.24,70814
18.025,BARO0,32.27,70820
18.035,BARO0,32.25,70834
18.045,BARO0,32.26,70814
18.055,BARO0,32.27,70818
18.065,BARO0,32.28,70820
18.075,BARO0,32.25,70836
18.085,BARO0,32.26,70805
18.095,BARO0,32.27,70809
18.105,BARO0,32.3,70770
18.115,BARO0,32.28,70785
18.125,BARO0,32.28,70785
18.135,BARO0,32.27,70754
18.145,BARO0,32.24,70728
18.155,BARO0,32.27,70762
18.165,BARO0,32.26,70725
18.175,BARO0,32.25,70713
18.185,BARO0,32.27,70696
18.195,BARO0,32.26,70704
18.205,BARO0,32.27,70727
18.215,BARO0,32.24,70712
18.225,BARO0,32.27,70691
18.235,BARO0,32.27,70663
18.245,BARO0,32.27,70666
18.255,BARO0,32.28,70681
18.265,BARO0,32.26,70685
18.275,BARO0,32.26,70637
18.285,BARO0,32.26,70625
18.295,BARO0,32.27,70681
18.305,BARO0,32.25,70643
18.315,BARO0,32.24,70609
18.325,BARO0,32.26,70628
18.335,BARO0,32.27,70604
18.345,BARO0,32.28,70616
18.355,BARO0,32.26,70593
18.365,BARO0,32.28,70593
18.375,BARO0,32.26,70620
18.385,BARO0,32.27,70567
18.395,BARO0,32.26,70566
18.405,BARO0,32.26,70576
18.415,BARO0,32.26,70550
18.425,BARO0,32.28,70565
18.435,BARO0,32.26,70558
18.445,BARO0,32.27,70534
18.455,BARO0,32.25,70518
18.465,BARO0,32.28,70501
18.475,BARO0,32.26,70525
18.485,BARO0,32.27,70491
18.495,BARO0,32.25,70490
18.505,BARO0,32.26,70498
18.515,BARO0,32.28,70497
18.525,BARO0,32.27,70509
18.535,BARO0,32.28,70465
18.545,BARO0,32.26,70472
18.555,BARO0,32.27,70486
18.565,BARO0,32.26,70478
18.575,BARO0,32.26,70464
18.585,BARO0,32.26,70468
18.595,BARO0,32.26,70429
18.605,BARO0,32.26,70474
18.615,BARO0,32.27,70413
18.625,BARO0,32.27,70439
18.635,BARO0,32.27,70427
18.645,BARO0,32.24,70393
18.655,BARO0,32.26,70404
18.665,BARO0,32.28,70388
18.675,BARO0,32.27,70414
18.685,BARO0,32.27,70378
18.695,BARO0,32.26,70365
18.705,BARO0,32.27,70367
18.715,BARO0,32.27,70379
18.725,BARO0,32.28,70398
18.735,BARO0,32.27,70386
18.745,BARO0,32.27,70363
18.755,BARO0,32.28,70347
18.765,BARO0,32.25,70345
18.775,BARO0,32.26,70311
18.785,BARO0,32.27,70307
18.795,BARO0,32.27,70331
18.805,BARO0,32.27,70305
18.815,BARO0,32.29,70314
18.825,BARO0,32.27,70290
18.835,BARO0,32.27,70296
18.845,BARO0,32.28,70286
18.855,BARO0,32.26,70292
18.865,BARO0,32.28,70281
18.875,BARO0,32.27,70259
18.885,BARO0,32.27,70235
18.895,BARO0,32.26,70283
18.905,BARO0,32.28,70256
18.915,BARO0,32.27,70273
18.925,BARO0,32.28,70226
18.935,BARO0,32.26,70189
18.945,BARO0,32.25,70213
18.955,BARO0,32.25,70247
18.965,BARO0,32.27,70231
18.975,BARO0,32.27,70244
18.985,BARO0,32.28,70200
18.995,BARO0,32.26,70176
19.005,BARO0,32.25,70192
19.015,BARO0,32.25,70190
19.025,BARO0,32.25,70198
19.035,BARO0,32.27,70157
19.045,BARO0,32.28,70186
19.055,BARO0,32.27,70174
19.065,BARO0,32.26,70145
19.075,BARO0,32.27,70183
19.085,BARO0,32.27,70164
19.095,BARO0,32.26,70155
19.105,BARO0,32.28,70146
19.115,BARO0,32.26,70115
19.125,BARO0,32.28,70128
19.135,BARO0,32.27,70104
19.145,BARO0,32.26,70118
19.155,BARO0,32.26,70116
19.165,BARO0,32.27,70091
19.175,BARO0,32.26,70068
19.185,BARO0,32.26,70093
19.195,BARO0,32.26,70069
19.205,BARO0,32.28,70092
19.215,BARO0,32.28,70089
19.225,BARO0,32.28,70086
19.235,BARO0,32.28,70055
19.245,BARO0,32.26,70070
19.255,BARO0,32.26,70043
19.265,BARO0,32.27,70040
19.275,BARO0,32.26,70057
19.285,BARO0,32.26,70010
19.295,BARO0,32.26,70001
19.305,BARO0,32.28,70021
19.315,BARO0,32.24,69991
19.325,BARO0,32.27,70029
19.335,BARO0,32.27,70004
19.345,BARO0,32.26,69997
19.355,BARO0,32.3,70017
19.365,BARO0,32.27,69985
19.375,BARO0,32.25,70001
19.385,BARO0,32.27,69966
19.395,BARO0,32.26,69964
19.405,BARO0,32.26,69948
19.415,BARO0,32.27,69940
19.425,BARO0,32.27,69920
19.435,BARO0,32.23,69901
19.445,BARO0,32.27,69918
19.455,BARO0,32.26,69936
19.465,BARO0,32.28,69916
19.475,BARO0,32.26,69904
19.485,BARO0,32.28,69898
19.495,BARO0,32.27,69882
19.505,BARO0,32.26,69891
19.515,BARO0,32.27,69906
19.525,BARO0,32.28,69884
19.535,BARO0,32.28,69890
19.545,BARO0,32.26,69886
19.555,BARO0,32.26,69874
19.565,BARO0,32.26,69896
19.575,BARO0,32.25,69841
19.585,BARO0,32.28,69873
19.595,BARO0,32.27,69838
19.605,BARO0,32.28,69816
19.615,BARO0,32.26,69853
19.625,BARO0,32.26,69821
19.635,BARO0,32.28,69845
19.645,BARO0,32.26,69832
19.655,BARO0,32.26,69818
19.665,BARO0,32.28,69811
19.675,BARO0,32.26,69784
19.685,BARO0,32.27,69837
19.695,BARO0,32.26,69781
19.705,BARO0,32.25,69800
19.715,BARO0,32.26,69819
19.725,BARO0,32.29,69789
19.735,BARO0,32.28,69758
19.745,BARO0,32.26,69747
19.755,BARO0,32.27,69787
19.765,BARO0,32.27,69770
19.775,BARO0,32.27,69749
19.785,BARO0,32.26,69732
19.795,BARO0,32.27,69767
19.805,BARO0,32.27,69743
19.815,BARO0,32.26,69726
19.825,BARO0,32.27,69736
19.835,BARO0,32.26,69744
19.845,BARO0,32.28,69728
19.855,BARO0,32.28,69734
19.865,BARO0,32.27,69728
19.875,BARO0,32.26,69737
19.885,BARO0,32.27,69669
19.895,BARO0,32.27,69694
19.905,BARO0,32.25,69691
19.915,BARO0,32.28,69684
19.925,BARO0,32.28,69659
19.935,BARO0,32.28,69695
19.945,BARO0,32.27,69686
19.955,BARO0,32.28,69657
19.965,BARO0,32.28,69638
19.975,BARO0,32.27,69688
19.985,BARO0,32.26,69667
19.995,BARO0,32.27,69628
20.005,BARO0,32.29,69669
20.015,BARO0,32.29,69635
20.025,BARO0,32.26,69627
20.035,BARO0,32.26,69631
20.045,BARO0,32.28,69614
20.055,BARO0,32.26,69632
20.065,BARO0,32.25,69613
20.075,BARO0,32.27,69594
20.085,BARO0,32.26,69624
20.095,BARO0,32.27,69613
20.105,BARO0,32.27,69596
20.115,BARO0,32.27,69559
20.125,BARO0,32.26,69548
20.135,BARO0,32.25,69550
20.145,BARO0,32.28,69587
20.155,BARO0,32.29,69551
20.165,BARO0,32.28,69579
20.175,BARO0,32.27,69578
20.185,BARO0,32.27,69570
20.195,BARO0,32.27,69526
20.205,BARO0,32.27,69534
20.215,BARO0,32.28,69526
20.225,BARO0,32.26,69479
20.235,BARO0,32.27,69531
20.245,BARO0,32.27,69509
20.255,BARO0,32.26,69518
20.265,BARO0,32.27,69481
20.275,BARO0,32.27,69522
20.285,BARO0,32.27,69480
20.295,BARO0,32.27,69491
20.305,BARO0,32.27,69465
20.315,BARO0,32.27,69454
20.325,BARO0,32.28,69475
20.335,BARO0,32.27,69444
20.345,BARO0,32.28,69453
20.355,BARO0,32.25,69441
20.365,BARO0,32.27,69434
20.375,BARO0,32.27,69450
20.385,BARO0,32.26,69460
20.395,BARO0,32.27,69436
20.405,BARO0,32.27,69459
20.415,BARO0,32.26,69444
20.425,BARO0,32.28,69446
20.435,BARO0,32.26,69403
20.445,BARO0,32.27,69419
20.455,BARO0,32.27,69401
20.465,BARO0,32.28,69381
20.475,BARO0,32.27,69423
20.485,BARO0,32.27,69373
20.495,BARO0,32.28,69404
20.505,BARO0,32.27,69385
20.515,BARO0,32.27,69362
20.525,BARO0,32.27,69373
20.535,BARO0,32.27,69405
20.545,BARO0,32.27,69357
20.555,BARO0,32.26,69352
20.565,BARO0,32.28,69327
20.575,BARO0,32.27,69364
20.585,BARO0,32.27,69374
20.595,BARO0,32.26,69344
20.605,BARO0,32.27,69334
20.615,BARO0,32.28,69315
20.625,BARO0,32.26,69306
20.635,BARO0,32.29,69332
20.645,BARO0,32.27,69354
20.655,BARO0,32.28,69314
20.665,BARO0,32.26,69282
20.675,BARO0,32.27,69307
20.685,BARO0,32.28,69337
20.695,BARO0,32.27,69321
20.705,BARO0,32.26,69297
20.715,BARO0,32.29,69293
20.725,BARO0,32.28,69317
20.735,BARO0,32.27,69302
20.745,BARO0,32.27,69302
20.755,BARO0,32.29,69261
20.765,BARO0,32.27,69286
20.775,BARO0,32.28,69275
20.785,BARO0,32.26,69253
20.795,BARO0,32.26,69252
20.805,BARO0,32.27,69260
20.815,BARO0,32.26,69253
20.825,BARO0,32.28,69263
20.835,BARO0,32.29,69246
20.845,BARO0,32.27,69229
20.855,BARO0,32.27,69231
20.865,BARO0,32.27,69241
20.875,BARO0,32.26,69239
20.885,BARO0,32.27,69242
20.895,BARO0,32.28,69202
20.905,BARO0,32.28,69213
20.915,BARO0,32.28,69220
20.925,BARO0,32.26,69205
20.935,BARO0,32.26,69190
20.945,BARO0,32.26,69189
20.955,BARO0,32.27,69170
20.965,BARO0,32.27,69166
20.975,BARO0,32.27,69182
20.985,BARO0,32.26,69166
20.995,BARO0,32.27,69159
21.005,BARO0,32.28,69148
21.015,BARO0,32.26,69130
21.025,BARO0,32.27,69146
21.035,BARO0,32.26,69130
21.045,BARO0,32.26,69093
21.055,BARO0,32.28,69146
21.065,BARO0,32.29,69161
21.075,BARO0,32.28,69111
21.085,BARO0,32.27,69115
21.095,BARO0,32.28,69097
21.105,BARO0,32.29,69136
21.115,BARO0,32.27,69119
21.125,BARO0,32.27,69133
21.135,BARO0,32.27,69101
21.145,BARO0,32.26,69109
21.155,BARO0,32.25,69122
21.165,BARO0,32.27,69086
21.175,BARO0,32.26,69057
21.185,BARO0,32.27,69098
21.195,BARO0,32.27,69103
21.205,BARO0,32.26,69107
21.215,BARO0,32.28,69067
21.225,BARO0,32.27,69067
21.235,BARO0,32.28,69050
21.245,BARO0,32.27,69077
21.255,BARO0,32.27,69053
21.265,BARO0,32.27,69044
21.275,BARO0,32.28,69029
21.285,BARO0,32.26,69076
21.295,BARO0,32.27,69043
21.305,BARO0,32.26,69023
21.315,BARO0,32.29,69036
21.325,BARO0,32.29,69053
21.335,BARO0,32.26,69006
21.345,BARO0,32.28,69024
21.355,BARO0,32.27,69019
21.365,BARO0,32.29,68988
21.375,BARO0,32.27,68991
21.385,BARO0,32.27,69017
21.395,BARO0,32.27,69029
21.405,BARO0,32.27,69013
21.415,BARO0,32.27,69024
21.425,BARO0,32.28,68980
21.435,BARO0,32.28,68996
21.445,BARO0,32.28,68967
21.455,BARO0,32.25,69004
21.465,BARO0,32.28,68949
21.475,BARO0,32.27,68991
21.485,BARO0,32.27,68964
21.495,BARO0,32.26,69008
21.505,BARO0,32.27,68959
21.515,BARO0,32.26,68967
21.525,BARO0,32.29,68916
21.535,BARO0,32.28,68985
21.545,BARO0,32.28,68918
21.555,BARO0,32.27,68967
21.565,BARO0,32.27,68931
21.575,BARO0,32.29,68948
21.585,BARO0,32.27,68925
21.595,BARO0,32.29,68929
21.605,BARO0,32.28,68943
21.615,BARO0,32.27,68936
21.625,BARO0,32.28,68929
21.635,BARO0,32.26,68916
21.645,BARO0,32.26,68938
21.655,BARO0,32.25,68912
21.665,BARO0,32.27,68925
21.675,BARO0,32.28,68884
21.685,BARO0,32.26,68917
21.695,BARO0,32.27,68884
21.705,BARO0,32.27,68928
21.715,BARO0,32.27,68874
21.725,BARO0,32.29,68895
21.735,BARO0,32.28,68888
21.745,BARO0,32.29,68915
21.755,BARO0,32.27,68882
21.765,BARO0,32.27,68859
21.775,BARO0,32.28,68871
21.785,BARO0,32.28,68850
21.795,BARO0,32.28,68863
21.805,BARO0,32.27,68893
21.815,BARO0,32.26,68849
21.825,BARO0,32.26,68869
21.835,BARO0,32.28,68869
21.845,BARO0,32.28,68847
21.855,BARO0,32.28,68841
21.865,BARO0,32.29,68853
21.875,BARO0,32.27,68809
21.885,BARO0,32.28,68850
21.895,BARO0,32.28,68806
21.905,BARO0,32.26,68832
21.915,BARO0,32.28,68820
21.925,BARO0,32.27,68843
21.935,BARO0,32.28,68826
21.945,BARO0,32.28,68815
21.955,BARO0,32.27,68795
21.965,BARO0,32.28,68785
21.975,BARO0,32.28,68777
21.985,BARO0,32.28,68776
21.995,BARO0,32.27,68783
22.005,BARO0,32.25,68825
22.015,BARO0,32.27,68793
22.025,BARO0,32.27,68801
22.035,BARO0,32.26,68758
22.045,BARO0,32.27,68792
22.055,BARO0,32.24,68800
22.065,BARO0,32.25,68752
22.075,BARO0,32.27,68792
22.085,BARO0,32.28,68806
22.095,BARO0,32.27,68733
22.105,BARO0,32.28,68772
22.115,BARO0,32.29,68745
22.125,BARO0,32.28,68752
22.135,BARO0,32.28,68724
22.145,BARO0,32.26,68724
22.155,BARO0,32.3,68748
22.165,BARO0,32.28,68737
22.175,BARO0,32.28,68719
22.185,BARO0,32.28,68728
22.195,BARO0,32.28,68771
22.205,BARO0,32.26,68751
22.215,BARO0,32.28,68724
22.225,BARO0,32.28,68727
22.235,BARO0,32.29,68690
22.245,BARO0,32.27,68724
22.255,BARO0,32.29,68690
22.265,BARO0,32.26,68726
22.275,BARO0,32.28,68729
22.285,BARO0,32.28,68725
22.295,BARO0,32.28,68700
22.305,BARO0,32.26,68694
22.315,BARO0,32.26,68683
22.325,BARO0,32.29,68681
22.335,BARO0,32.29,68676
22.345,BARO0,32.25,68681
22.355,BARO0,32.3,68687
22.365,BARO0,32.28,68682
22.375,BARO0,32.27,68694
22.385,BARO0,32.27,68680
22.395,BARO0,32.28,68672
22.405,BARO0,32.28,68627
22.415,BARO0,32.3,68664
22.425,BARO0,32.28,68652
22.435,BARO0,32.29,68620
22.445,BARO0,32.27,68665
22.455,BARO0,32.28,68675
22.465,BARO0,32.28,68671
22.475,BARO0,32.29,68650
22.485,BARO0,32.27,68678
22.495,BARO0,32.27,68647
22.505,BARO0,32.3,68653
22.515,BARO0,32.27,68653
22.525,BARO0,32.26,68616
22.535,BARO0,32.27,68648
22.545,BARO0,32.27,68652
22.555,BARO0,32.29,68617
22.565,BARO0,32.28,68601
22.575,BARO0,32.28,68629
22.585,BARO0,32.28,68634
22.595,BARO0,32.29,68622
22.605,BARO0,32.27,68643
22.615,BARO0,32.28,68603
22.625,BARO0,32.28,68641
22.635,BARO0,32.29,68596
22.645,BARO0,32.28,68631
22.655,BARO0,32.28,68624
22.665,BARO0,32.29,68608
22.675,BARO0,32.27,68617
22.685,BARO0,32.27,68587
22.695,BARO0,32.27,68617
22.705,BARO0,32.27,68566
22.715,BARO0,32.29,68561
22.725,BARO0,32.27,68577
22.735,BARO0,32.27,68613
22.745,BARO0,32.29,68600
22.755,BARO0,32.28,68596
22.765,BARO0,32.28,68553
22.775,BARO0,32.28,68594
22.785,BARO0,32.28,68561
22.795,BARO0,32.29,68543
22.805,BARO0,32.27,68564
22.815,BARO0,32.26,68596
22.825,BARO0,32.3,68577
22.835,BARO0,32.3,68559
22.845,BARO0,32.29,68603
22.855,BARO0,32.26,68533
22.865,BARO0,32.28,68543
22.875,BARO0,32.28,68521
22.885,BARO0,32.28,68551
22.895,BARO0,32.28,68568
22.905,BARO0,32.27,68549
22.915,BARO0,32.28,68558
22.925,BARO0,32.28,68548
22.935,BARO0,32.26,68532
22.945,BARO0,32.27,68535
22.955,BARO0,32.28,68530
22.965,BARO0,32.27,68491
22.975,BARO0,32.28,68553
22.985,BARO0,32.27,68543
22.995,BARO0,32.28,68507
23.005,BARO0,32.28,68527
23.015,BARO0,32.29,68501
23.025,BARO0,32.28,68501
23.035,BARO0,32.27,68500
23.045,BARO0,32.27,68504
23.055,BARO0,32.28,68514
23.065,BARO0,32.28,68514
23.075,BARO0,32.27,68530
23.085,BARO0,32.27,68479
23.095,BARO0,32.29,68509
23.105,BARO0,32.27,68509
23.115,BARO0,32.28,68496
23.125,BARO0,32.26,68485
23.135,BARO0,32.28,68456
23.145,BARO0,32.27,68506
23.155,BARO0,32.29,68472
23.165,BARO0,32.28,68494
23.175,BARO0,32.27,68483
23.185,BARO0,32.28,68479
23.195,BARO0,32.28,68456
23.205,BARO0,32.29,68451
23.215,BARO0,32.29,68459
23.225,BARO0,32.27,68454
23.235,BARO0,32.29,68479
23.245,BARO0,32.28,68468
23.255,BARO0,32.29,68455
23.265,BARO0,32.29,68433
23.275,BARO0,32.27,68437
23.285,BARO0,32.26,68438
23.295,BARO0,32.27,68472
23.305,BARO0,32.26,68434
23.315,BARO0,32.28,68444
23.325,BARO0,32.29,68469
23.335,BARO0,32.28,68463
23.345,BARO0,32.27,68435
23.355,BARO0,32.28,68428
23.365,BARO0,32.28,68416
23.375,BARO0,32.28,68414
23.385,BARO0,32.29,68451
23.395,BARO0,32.28,68439
23.405,BARO0,32.27,68426
23.415,BARO0,32.28,68407
23.425,BARO0,32.26,68424
23.435,BARO0,32.29,68436
23.445,BARO0,32.29,68416
23.455,BARO0,32.3,68417
23.465,BARO0,32.28,68405
23.475,BARO0,32.28,68433
23.485,BARO0,32.28,68425
23.495,BARO0,32.29,68414
23.505,BARO0,32.28,68413
23.515,BARO0,32.29,68400
23.525,BARO0,32.28,68391
23.535,BARO0,32.27,68408
23.545,BARO0,32.29,68388
23.555,BARO0,32.28,68393
23.565,BARO0,32.29,68373
23.575,BARO0,32.28,68389
23.585,BARO0,32.28,68414
23.595,BARO0,32.29,68399
23.605,BARO0,32.29,68395
23.615,BARO0,32.28,68392
23.625,BARO0,32.29,68408
23.635,BARO0,32.28,68391
23.645,BARO0,32.31,68386
23.655,BARO0,32.28,68378
23.665,BARO0,32.27,68395
23.675,BARO0,32.29,68364
23.685,BARO0,32.28,68355
23.695,BARO0,32.3,68398
23.705,BARO0,32.29,68386
23.715,BARO0,32.27,68358
23.725,BARO0,32.29,68362
23.735,BARO0,32.27,68367
23.745,BARO0,32.29,68354
23.755,BARO0,32.29,68376
23.765,BARO0,32.28,68328
23.775,BARO0,32.27,68378
23.785,BARO0,32.29,68350
23.795,BARO0,32.28,68382
23.805,BARO0,32.29,68334
23.815,BARO0,32.27,68346
23.825,BARO0,32.28,68382
23.835,BARO0,32.28,68351
23.845,BARO0,32.29,68349
23.855,BARO0,32.27,68340
23.865,BARO0,32.29,68370
23.875,BARO0,32.29,68313
23.885,BARO0,32.28,68308
23.895,BARO0,32.29,68337
23.905,BARO0,32.29,68339
23.915,BARO0,32.31,68338
23.925,BARO0,32.27,68332
23.935,BARO0,32.3,68342
23.945,BARO0,32.29,68344
23.955,BARO0,32.29,68314
23.965,BARO0,32.28,68336
23.975,BARO0,32.28,68333
23.985,BARO0,32.28,68350
23.995,BARO0,32.29,68319
24.005,BARO0,32.29,68306
24.015,BARO0,32.27,68330
24.025,BARO0,32.3,68314
24.035,BARO0,32.28,68324
24.045,BARO0,32.29,68329
24.055,BARO0,32.27,68311
24.065,BARO0,32.29,68323
24.075,BARO0,32.28,68317
24.085,BARO0,32.29,68289
24.095,BARO0,32.29,68313
24.105,BARO0,32.28,68296
24.115,BARO0,32.27,68314
24.125,BARO0,32.29,68297
24.135,BARO0,32.29,68305
24.145,BARO0,32.29,68299
24.155,BARO0,32.27,68298
24.165,BARO0,32.29,68263
24.175,BARO0,32.28,68296
24.185,BARO0,32.29,68305
24.195,BARO0,32.29,68299
24.205,BARO0,32.29,68294
24.215,BARO0,32.29,68286
24.225,BARO0,32.28,68288
24.235,BARO0,32.31,68290
24.245,BARO0,32.29,68277
24.255,BARO0,32.28,68289
24.265,BARO0,32.29,68310
24.275,BARO0,32.29,68277
24.285,BARO0,32.28,68249
24.295,BARO0,32.27,68250
24.305,BARO0,32.26,68263
24.315,BARO0,32.28,68290
24.325,BARO0,32.28,68278
24.335,BARO0,32.29,68264
24.345,BARO0,32.25,68266
24.355,BARO0,32.28,68283
24.365,BARO0,32.29,68277
24.375,BARO0,32.29,68254
24.385,BARO0,32.29,68279
24.395,BARO0,32.29,68283
24.405,BARO0,32.29,68270
24.415,BARO0,32.29,68296
24.425,BARO0,32.29,68262
24.435,BARO0,32.27,68263
24.445,BARO0,32.27,68247
24.455,BARO0,32.27,68264
24.465,BARO0,32.28,68264
24.475,BARO0,32.28,68233
24.485,BARO0,32.29,68233
24.495,BARO0,32.28,68264
24.505,BARO0,32.28,68255
24.515,BARO0,32.29,68242
24.525,BARO0,32.29,68264
24.535,BARO0,32.29,68257
24.545,BARO0,32.29,68247
24.555,BARO0,32.3,68268
24.565,BARO0,32.27,68224
24.575,BARO0,32.28,68269
24.585,BARO0,32.29,68220
24.595,BARO0,32.28,68254
24.605,BARO0,32.28,68245
24.615,BARO0,32.29,68253
24.625,BARO0,32.31,68250
24.635,BARO0,32.28,68250
24.645,BARO0,32.28,68220
24.655,BARO0,32.29,68250
24.665,BARO0,32.29,68224
24.675,BARO0,32.28,68210
24.685,BARO0,32.28,68205
24.695,BARO0,32.29,68230
24.705,BARO0,32.28,68228
24.715,BARO0,32.27,68235
24.725,BARO0,32.28,68219
24.735,BARO0,32.3,68228
24.745,BARO0,32.29,68219
24.755,BARO0,32.29,68225
24.765,BARO0,32.29,68259
24.775,BARO0,32.28,68228
24.785,BARO0,32.28,68209
24.795,BARO0,32.28,68221
24.805,BARO0,32.3,68258
24.815,BARO0,32.29,68232
24.825,BARO0,32.28,68227
24.835,BARO0,32.3,68229
24.845,BARO0,32.29,68233
24.855,BARO0,32.31,68207
24.865,BARO0,32.3,68195
24.875,BARO0,32.29,68192
24.885,BARO0,32.29,68201
24.895,BARO0,32.3,68231
24.905,BARO0,32.28,68240
24.915,BARO0,32.3,68219
24.925,BARO0,32.28,68229
24.935,BARO0,32.29,68243
24.945,BARO0,32.28,68220
24.955,BARO0,32.3,68212
24.965,BARO0,32.28,68218
24.975,BARO0,32.29,68218
24.985,BARO0,32.28,68182
24.995,BARO0,32.28,68211
25.005,BARO0,32.28,68201
25.015,BARO0,32.29,68204
25.025,BARO0,32.28,68209
25.035,BARO0,32.29,68223
25.045,BARO0,32.29,68180
25.055,BARO0,32.29,68216
25.065,BARO0,32.29,68188
25.075,BARO0,32.3,68215
25.085,BARO0,32.29,68175
25.095,BARO0,32.29,68203
25.105,BARO0,32.29,68171
25.115,BARO0,32.27,68201
25.125,BARO0,32.29,68206
