ts,q0_estimated,q1_estimated,q2_estimated,q3_estimated
-0.75,-1.904,2.004,-9.575,0.817
-0.74,-1.906,2.004,-9.574,0.817
-0.73,-1.907,2.004,-9.574,0.816
-0.72,-1.91,2.004,-9.574,0.816
-0.71,-1.912,2.005,-9.573,0.815
-0.7,-1.913,2.005,-9.573,0.815
-0.69,-1.906,2.004,-9.574,0.816
-0.68,-1.896,2.003,-9.576,0.818
-0.67,-1.887,2.002,-9.578,0.82
-0.66,-1.881,2.001,-9.58,0.822
-0.65,-1.879,2.001,-9.58,0.823
-0.64,-1.879,2.0,-9.58,0.824
-0.63,-1.879,2.0,-9.58,0.824
-0.62,-1.88,2.0,-9.58,0.823
-0.61,-1.88,2.0,-9.58,0.823
-0.6,-1.884,2.001,-9.579,0.822
-0.59,-1.89,2.002,-9.578,0.821
-0.58,-1.898,2.002,-9.576,0.819
-0.57,-1.903,2.003,-9.575,0.818
-0.56,-1.905,2.003,-9.575,0.817
-0.55,-1.907,2.004,-9.574,0.817
-0.54,-1.908,2.004,-9.574,0.817
-0.53,-1.908,2.004,-9.574,0.817
-0.52,-1.907,2.004,-9.574,0.817
-0.51,-1.904,2.003,-9.575,0.818
-0.5,-1.902,2.003,-9.575,0.818
-0.49,-1.9,2.003,-9.576,0.819
-0.48,-1.897,2.002,-9.576,0.82
-0.47,-1.896,2.002,-9.577,0.82
-0.46,-1.897,2.002,-9.576,0.82
-0.45,-1.9,2.002,-9.576,0.819
-0.44,-1.902,2.002,-9.575,0.819
-0.43,-1.904,2.003,-9.575,0.819
-0.42,-1.905,2.003,-9.575,0.818
-0.41,-1.906,2.003,-9.575,0.818
-0.4,-1.906,2.003,-9.574,0.818
-0.39,-1.906,2.003,-9.575,0.818
-0.38,-1.906,2.003,-9.575,0.818
-0.37,-1.904,2.002,-9.575,0.819
-0.36,-1.9,2.002,-9.576,0.82
-0.35,-1.897,2.001,-9.576,0.821
-0.34,-1.896,2.001,-9.577,0.822
-0.33,-1.898,2.001,-9.576,0.821
-0.32,-1.902,2.002,-9.575,0.82
-0.31,-1.906,2.002,-9.575,0.82
-0.3,-1.91,2.002,-9.574,0.819
-0.29,-1.913,2.003,-9.573,0.818
-0.28,-1.914,2.003,-9.573,0.818
-0.27,-1.912,2.003,-9.573,0.818
-0.26,-1.91,2.002,-9.574,0.819
-0.25,-1.908,2.002,-9.574,0.819
-0.24,-1.907,2.002,-9.574,0.82
-0.23,-1.906,2.001,-9.575,0.82
-0.22,-1.904,2.001,-9.575,0.821
-0.21,-1.903,2.001,-9.575,0.821
-0.2,-1.904,2.001,-9.575,0.821
-0.19,-1.906,2.002,-9.575,0.82
-0.18,-1.909,2.002,-9.574,0.82
-0.17,-1.912,2.002,-9.573,0.819
-0.16,-1.914,2.002,-9.573,0.819
-0.15,-1.915,2.002,-9.573,0.819
-0.14,-1.914,2.002,-9.573,0.819
-0.13,-1.914,2.002,-9.573,0.819
-0.12,-1.917,2.003,-9.572,0.818
-0.11,-1.92,2.003,-9.572,0.818
-0.1,-1.92,2.003,-9.572,0.819
-0.09,-1.917,2.002,-9.572,0.819
-0.08,-1.913,2.002,-9.573,0.82
-0.07,-1.913,2.003,-9.573,0.82
-0.06,-1.915,2.003,-9.572,0.82
-0.05,-1.914,2.003,-9.573,0.821
-0.04,-1.906,2.001,-9.575,0.824
-0.03,-1.902,2.0,-9.575,0.824
-0.02,-1.9,2.001,-9.576,0.824
-0.01,-1.895,2.001,-9.577,0.826
0.0,-1.886,2.0,-9.578,0.827
0.01,10.0,0.0,0.0,0.0
0.02,10.0,0.0,-0.001,0.0
0.03,9.999,0.001,0.004,0.0
0.04,9.999,0.002,0.012,-0.001
0.05,9.999,0.001,0.015,-0.001
0.06,9.999,0.0,0.023,-0.001
0.07,9.999,0.0,0.023,-0.001
0.08,9.999,0.0,0.023,-0.001
0.09,9.999,0.0,0.027,-0.001
0.1,9.999,-0.001,0.029,-0.001
0.11,9.999,-0.001,0.028,-0.002
0.12,9.999,-0.002,0.033,-0.003
0.13,9.999,-0.001,0.037,-0.004
0.14,9.999,-0.002,0.038,-0.005
0.15,9.999,-0.002,0.036,-0.006
0.16,9.999,-0.002,0.033,-0.007
0.17,9.999,-0.001,0.031,-0.007
0.18,9.999,0.0,0.028,-0.01
0.19,9.999,0.0,0.044,-0.009
0.2,9.999,0.0,0.051,-0.016
0.21,9.999,-0.001,0.054,-0.025
0.22,9.999,-0.004,0.046,-0.034
0.23,9.999,-0.005,0.059,-0.042
0.24,9.999,-0.008,0.069,-0.05
0.25,9.999,-0.005,0.082,-0.054
0.26,9.999,-0.005,0.075,-0.048
0.27,9.999,-0.002,0.076,-0.047
0.28,9.999,-0.001,0.067,-0.046
0.29,9.999,-0.001,0.064,-0.048
0.3,9.999,-0.003,0.058,-0.051
0.31,9.999,-0.008,0.052,-0.054
0.32,9.999,-0.011,0.048,-0.057
0.33,9.999,-0.013,0.043,-0.06
0.34,9.999,-0.017,0.028,-0.056
0.35,9.999,-0.016,0.029,-0.066
0.36,9.999,-0.004,0.019,-0.088
0.37,9.999,0.008,0.006,-0.111
0.38,9.999,0.016,-0.025,-0.117
0.39,9.999,0.018,-0.043,-0.107
0.4,9.999,0.012,-0.067,-0.096
0.41,9.999,0.008,-0.087,-0.102
0.42,9.998,0.005,-0.085,-0.113
0.43,9.999,0.002,-0.061,-0.127
0.44,9.999,-0.001,-0.026,-0.129
0.45,9.999,-0.006,0.003,-0.126
0.46,9.999,-0.005,0.045,-0.128
0.47,9.998,-0.009,0.082,-0.12
0.48,9.998,-0.018,0.11,-0.107
0.49,9.998,-0.022,0.139,-0.103
0.5,9.997,-0.013,0.158,-0.123
0.51,9.997,-0.007,0.156,-0.135
0.52,9.997,-0.007,0.161,-0.132
0.53,9.997,-0.012,0.169,-0.13
0.54,9.997,-0.016,0.175,-0.131
0.55,9.997,-0.016,0.168,-0.132
0.56,9.997,-0.014,0.161,-0.139
0.57,9.997,-0.015,0.152,-0.144
0.58,9.997,-0.016,0.144,-0.143
0.59,9.997,-0.015,0.138,-0.147
0.6,9.997,-0.014,0.131,-0.151
0.61,9.998,-0.014,0.123,-0.151
0.62,9.998,-0.013,0.115,-0.155
0.63,9.998,-0.011,0.106,-0.159
0.64,9.998,-0.01,0.096,-0.16
0.65,9.998,-0.009,0.085,-0.163
0.66,9.998,-0.007,0.072,-0.166
0.67,9.998,-0.005,0.059,-0.167
0.68,9.998,-0.003,0.044,-0.17
0.69,9.998,0.0,0.029,-0.173
0.7,9.998,0.001,0.012,-0.174
0.71,9.998,0.004,-0.005,-0.177
0.72,9.998,0.008,-0.024,-0.179
0.73,9.998,0.011,-0.044,-0.18
0.74,9.998,0.014,-0.065,-0.182
0.75,9.997,0.019,-0.087,-0.184
0.76,9.997,0.022,-0.11,-0.186
0.77,9.997,0.026,-0.133,-0.188
0.78,9.996,0.031,-0.157,-0.189
0.79,9.996,0.035,-0.184,-0.191
0.8,9.995,0.04,-0.212,-0.192
0.81,9.995,0.045,-0.241,-0.193
0.82,9.994,0.05,-0.273,-0.195
0.83,9.993,0.055,-0.306,-0.195
0.84,9.992,0.06,-0.342,-0.196
0.85,9.99,0.065,-0.38,-0.196
0.86,9.988,0.071,-0.419,-0.196
0.87,9.987,0.076,-0.461,-0.196
0.88,9.984,0.081,-0.504,-0.196
0.89,9.982,0.086,-0.55,-0.196
0.9,9.979,0.091,-0.597,-0.196
0.91,9.976,0.096,-0.646,-0.195
0.92,9.973,0.101,-0.697,-0.194
0.93,9.969,0.106,-0.749,-0.193
0.94,9.965,0.11,-0.803,-0.192
0.95,9.96,0.114,-0.858,-0.191
0.96,9.955,0.119,-0.916,-0.19
0.97,9.949,0.122,-0.975,-0.189
0.98,9.943,0.126,-1.037,-0.187
0.99,9.936,0.129,-1.1,-0.186
1.0,9.929,0.132,-1.165,-0.184
1.01,9.92,0.134,-1.234,-0.183
1.02,9.911,0.137,-1.304,-0.181
1.03,9.902,0.138,-1.377,-0.18
1.04,9.891,0.14,-1.452,-0.178
1.05,9.879,0.141,-1.53,-0.176
1.06,9.866,0.142,-1.61,-0.174
1.07,9.853,0.143,-1.693,-0.171
1.08,9.838,0.143,-1.778,-0.169
1.09,9.821,0.143,-1.867,-0.167
1.1,9.803,0.143,-1.958,-0.164
1.11,9.784,0.143,-2.052,-0.161
1.12,9.763,0.143,-2.15,-0.158
1.13,9.74,0.142,-2.254,-0.155
1.14,9.715,0.141,-2.36,-0.152
1.15,9.688,0.14,-2.469,-0.149
1.16,9.658,0.139,-2.581,-0.145
1.17,9.627,0.138,-2.695,-0.141
1.18,9.594,0.137,-2.811,-0.138
1.19,9.559,0.136,-2.93,-0.134
1.2,9.521,0.134,-3.051,-0.13
1.21,9.481,0.132,-3.174,-0.127
1.22,9.438,0.131,-3.298,-0.123
1.23,9.392,0.133,-3.427,-0.119
1.24,9.344,0.135,-3.557,-0.114
1.25,9.292,0.135,-3.689,-0.111
1.26,9.238,0.131,-3.824,-0.108
1.27,9.179,0.123,-3.963,-0.107
1.28,9.116,0.116,-4.106,-0.105
1.29,9.049,0.111,-4.252,-0.103
1.3,8.977,0.11,-4.402,-0.099
1.31,8.899,0.11,-4.557,-0.093
1.32,8.817,0.11,-4.714,-0.088
1.33,8.729,0.105,-4.875,-0.084
1.34,8.636,0.097,-5.038,-0.081
1.35,8.538,0.087,-5.204,-0.079
1.36,8.433,0.077,-5.371,-0.076
1.37,8.324,0.071,-5.54,-0.071
1.38,8.208,0.068,-5.71,-0.063
1.39,8.087,0.065,-5.88,-0.054
1.4,7.963,0.062,-6.048,-0.046
1.41,7.834,0.055,-6.213,-0.04
1.42,7.702,0.045,-6.376,-0.035
1.43,7.567,0.037,-6.537,-0.028
1.44,7.427,0.031,-6.695,-0.02
1.45,7.283,0.025,-6.852,-0.011
1.46,7.135,0.02,-7.005,-0.002
1.47,6.984,0.015,-7.156,0.006
1.48,6.828,0.011,-7.305,0.016
1.49,6.668,0.008,-7.451,0.027
1.5,6.505,0.007,-7.594,0.04
1.51,6.337,0.007,-7.735,0.052
1.52,6.166,0.004,-7.872,0.062
1.53,5.991,0.0,-8.006,0.069
1.54,5.812,-0.005,-8.137,0.074
1.55,5.629,-0.008,-8.264,0.082
1.56,5.442,-0.009,-8.388,0.092
1.57,5.251,-0.01,-8.509,0.101
1.58,5.056,-0.01,-8.626,0.111
1.59,4.857,-0.01,-8.739,0.12
1.6,4.655,-0.009,-8.849,0.129
1.61,4.448,-0.007,-8.955,0.138
1.62,4.238,-0.005,-9.056,0.145
1.63,4.024,-0.003,-9.153,0.153
1.64,3.807,0.0,-9.245,0.163
1.65,3.586,0.003,-9.333,0.169
1.66,3.363,0.005,-9.415,0.171
1.67,3.137,0.007,-9.493,0.171
1.68,2.908,0.01,-9.565,0.174
1.69,2.676,0.014,-9.633,0.179
1.7,2.44,0.02,-9.695,0.187
1.71,2.203,0.025,-9.752,0.192
1.72,1.962,0.029,-9.803,0.194
1.73,1.72,0.034,-9.848,0.196
1.74,1.475,0.039,-9.888,0.197
1.75,1.229,0.044,-9.922,0.198
1.76,0.982,0.049,-9.949,0.197
1.77,0.73,0.054,-9.971,0.195
1.78,0.479,0.058,-9.986,0.19
1.79,0.226,0.062,-9.995,0.183
1.8,-0.026,0.067,-9.998,0.176
1.81,-0.28,0.071,-9.994,0.174
1.82,-0.535,0.075,-9.983,0.175
1.83,-0.791,0.079,-9.966,0.176
1.84,-1.047,0.082,-9.943,0.175
1.85,-1.303,0.085,-9.912,0.171
1.86,-1.558,0.088,-9.875,0.168
1.87,-1.813,0.09,-9.832,0.165
1.88,-2.067,0.092,-9.782,0.161
1.89,-2.321,0.093,-9.725,0.158
1.9,-2.573,0.094,-9.661,0.155
1.91,-2.824,0.095,-9.591,0.152
1.92,-3.074,0.095,-9.513,0.15
1.93,-3.322,0.096,-9.43,0.148
1.94,-3.569,0.096,-9.339,0.146
1.95,-3.814,0.096,-9.242,0.145
1.96,-4.055,0.096,-9.138,0.144
1.97,-4.295,0.096,-9.028,0.144
1.98,-4.531,0.095,-8.912,0.144
1.99,-4.764,0.095,-8.79,0.145
2.0,-4.995,0.095,-8.661,0.146
2.01,-5.223,0.095,-8.525,0.147
2.02,-5.447,0.096,-8.383,0.148
2.03,-5.669,0.097,-8.235,0.15
2.04,-5.887,0.098,-8.08,0.152
2.05,-6.102,0.1,-7.92,0.155
2.06,-6.312,0.102,-7.753,0.157
2.07,-6.519,0.104,-7.58,0.159
2.08,-6.722,0.108,-7.401,0.162
2.09,-6.92,0.112,-7.215,0.165
2.1,-7.114,0.117,-7.023,0.168
2.11,-7.304,0.122,-6.826,0.169
2.12,-7.488,0.128,-6.623,0.17
2.13,-7.667,0.133,-6.415,0.17
2.14,-7.84,0.139,-6.202,0.17
2.15,-8.008,0.146,-5.984,0.17
2.16,-8.171,0.153,-5.76,0.168
2.17,-8.328,0.16,-5.53,0.166
2.18,-8.478,0.168,-5.296,0.164
2.19,-8.623,0.176,-5.056,0.16
2.2,-8.762,0.184,-4.812,0.156
2.21,-8.894,0.191,-4.563,0.152
2.22,-9.019,0.199,-4.31,0.147
2.23,-9.138,0.207,-4.053,0.141
2.24,-9.249,0.215,-3.791,0.135
2.25,-9.354,0.222,-3.525,0.128
2.26,-9.451,0.229,-3.256,0.121
2.27,-9.54,0.236,-2.984,0.114
2.28,-9.622,0.242,-2.709,0.105
2.29,-9.696,0.247,-2.432,0.097
2.3,-9.761,0.252,-2.152,0.088
2.31,-9.819,0.256,-1.87,0.079
2.32,-9.869,0.259,-1.586,0.071
2.33,-9.911,0.262,-1.301,0.062
2.34,-9.944,0.264,-1.016,0.053
2.35,-9.969,0.265,-0.728,0.044
2.36,-9.986,0.266,-0.441,0.036
2.37,-9.995,0.265,-0.153,0.028
2.38,-9.995,0.265,0.135,0.021
2.39,-9.987,0.264,0.425,0.015
2.4,-9.97,0.263,0.715,0.009
2.41,-9.945,0.261,1.006,0.004
2.42,-9.912,0.259,1.296,0.0
2.43,-9.87,0.257,1.586,-0.003
2.44,-9.819,0.254,1.875,-0.006
2.45,-9.759,0.252,2.163,-0.009
2.46,-9.691,0.25,2.45,-0.012
2.47,-9.615,0.248,2.735,-0.013
2.48,-9.529,0.247,3.019,-0.015
2.49,-9.435,0.245,3.301,-0.016
2.5,-9.333,0.244,3.58,-0.017
2.51,-9.223,0.243,3.856,-0.017
2.52,-9.104,0.241,4.129,-0.018
2.53,-8.977,0.24,4.398,-0.019
2.54,-8.843,0.239,4.662,-0.021
2.55,-8.7,0.238,4.923,-0.022
2.56,-8.551,0.237,5.178,-0.023
2.57,-8.394,0.235,5.429,-0.025
2.58,-8.23,0.234,5.675,-0.028
2.59,-8.059,0.232,5.915,-0.03
2.6,-7.882,0.23,6.149,-0.033
2.61,-7.699,0.228,6.377,-0.037
2.62,-7.51,0.225,6.598,-0.04
2.63,-7.315,0.222,6.813,-0.044
2.64,-7.116,0.218,7.022,-0.049
2.65,-6.911,0.214,7.224,-0.054
2.66,-6.701,0.21,7.419,-0.059
2.67,-6.486,0.205,7.607,-0.065
2.68,-6.268,0.199,7.788,-0.071
2.69,-6.045,0.193,7.963,-0.077
2.7,-5.818,0.186,8.13,-0.083
2.71,-5.587,0.179,8.29,-0.089
2.72,-5.353,0.17,8.443,-0.095
2.73,-5.116,0.161,8.59,-0.101
2.74,-4.874,0.151,8.729,-0.107
2.75,-4.629,0.141,8.861,-0.113
2.76,-4.381,0.131,8.987,-0.118
2.77,-4.13,0.12,9.105,-0.123
2.78,-3.877,0.108,9.216,-0.128
2.79,-3.621,0.096,9.319,-0.133
2.8,-3.363,0.084,9.416,-0.137
2.81,-3.103,0.072,9.504,-0.141
2.82,-2.841,0.06,9.586,-0.145
2.83,-2.577,0.048,9.66,-0.148
2.84,-2.313,0.036,9.727,-0.152
2.85,-2.047,0.024,9.786,-0.155
2.86,-1.779,0.012,9.839,-0.159
2.87,-1.512,0.0,9.883,-0.162
2.88,-1.243,-0.011,9.92,-0.165
2.89,-0.974,-0.022,9.95,-0.168
2.9,-0.705,-0.034,9.973,-0.17
2.91,-0.435,-0.046,9.988,-0.173
2.92,-0.166,-0.057,9.996,-0.176
2.93,0.101,-0.069,9.997,-0.179
2.94,0.369,-0.08,9.991,-0.181
2.95,0.636,-0.091,9.977,-0.184
2.96,0.902,-0.102,9.956,-0.186
2.97,1.167,-0.112,9.929,-0.188
2.98,1.43,-0.123,9.894,-0.191
2.99,1.692,-0.134,9.852,-0.193
3.0,1.953,-0.145,9.804,-0.195
3.01,2.212,-0.155,9.749,-0.198
3.02,2.468,-0.165,9.686,-0.2
3.03,2.723,-0.175,9.618,-0.202
3.04,2.975,-0.185,9.543,-0.205
3.05,3.224,-0.195,9.461,-0.207
3.06,3.471,-0.205,9.373,-0.208
3.07,3.716,-0.215,9.279,-0.21
3.08,3.957,-0.224,9.178,-0.212
3.09,4.197,-0.234,9.07,-0.214
3.1,4.435,-0.244,8.956,-0.215
3.11,4.669,-0.253,8.836,-0.216
3.12,4.901,-0.262,8.709,-0.217
3.13,5.129,-0.272,8.577,-0.218
3.14,5.354,-0.281,8.438,-0.218
3.15,5.575,-0.29,8.293,-0.218
3.16,5.793,-0.299,8.142,-0.217
3.17,6.008,-0.308,7.985,-0.216
3.18,6.218,-0.317,7.822,-0.214
3.19,6.424,-0.325,7.653,-0.212
3.2,6.626,-0.333,7.479,-0.209
3.21,6.823,-0.341,7.299,-0.205
3.22,7.015,-0.349,7.115,-0.201
3.23,7.202,-0.357,6.925,-0.196
3.24,7.383,-0.364,6.731,-0.191
3.25,7.558,-0.37,6.534,-0.186
3.26,7.728,-0.377,6.332,-0.179
3.27,7.892,-0.382,6.126,-0.172
3.28,8.051,-0.388,5.915,-0.165
3.29,8.204,-0.394,5.701,-0.158
3.3,8.351,-0.398,5.482,-0.15
3.31,8.494,-0.403,5.26,-0.142
3.32,8.63,-0.407,5.033,-0.134
3.33,8.759,-0.411,4.804,-0.126
3.34,8.883,-0.415,4.57,-0.118
3.35,9.001,-0.418,4.333,-0.11
3.36,9.113,-0.422,4.093,-0.102
3.37,9.218,-0.425,3.851,-0.095
3.38,9.317,-0.428,3.605,-0.087
3.39,9.409,-0.431,3.357,-0.08
3.4,9.495,-0.434,3.106,-0.073
3.41,9.574,-0.437,2.853,-0.066
3.42,9.646,-0.439,2.597,-0.059
3.43,9.712,-0.442,2.338,-0.052
3.44,9.771,-0.445,2.078,-0.045
3.45,9.823,-0.448,1.817,-0.039
3.46,9.868,-0.45,1.553,-0.032
3.47,9.906,-0.452,1.288,-0.025
3.48,9.937,-0.454,1.022,-0.019
3.49,9.96,-0.455,0.755,-0.012
3.5,9.977,-0.457,0.488,-0.005
3.51,9.987,-0.458,0.221,0.001
3.52,9.989,-0.458,-0.046,0.008
3.53,9.984,-0.459,-0.313,0.015
3.54,9.972,-0.458,-0.581,0.022
3.55,9.953,-0.457,-0.847,0.029
3.56,9.927,-0.455,-1.112,0.036
3.57,9.894,-0.453,-1.377,0.043
3.58,9.854,-0.45,-1.64,0.049
3.59,9.807,-0.446,-1.902,0.055
3.6,9.753,-0.442,-2.162,0.061
3.61,9.692,-0.436,-2.42,0.067
3.62,9.625,-0.43,-2.675,0.072
3.63,9.551,-0.423,-2.929,0.077
3.64,9.471,-0.416,-3.18,0.081
3.65,9.384,-0.408,-3.429,0.085
3.66,9.293,-0.398,-3.668,0.089
3.67,9.196,-0.389,-3.906,0.091
3.68,9.093,-0.379,-4.141,0.093
3.69,8.983,-0.369,-4.375,0.095
3.7,8.868,-0.359,-4.605,0.096
3.71,8.747,-0.348,-4.832,0.096
3.72,8.619,-0.338,-5.057,0.097
3.73,8.485,-0.327,-5.279,0.098
3.74,8.346,-0.316,-5.497,0.099
3.75,8.202,-0.306,-5.711,0.1
3.76,8.052,-0.297,-5.921,0.1
3.77,7.896,-0.287,-6.128,0.102
3.78,7.735,-0.277,-6.33,0.103
3.79,7.569,-0.268,-6.528,0.104
3.8,7.398,-0.259,-6.721,0.106
3.81,7.222,-0.251,-6.91,0.109
3.82,7.042,-0.242,-7.094,0.111
3.83,6.857,-0.234,-7.273,0.115
3.84,6.668,-0.226,-7.447,0.119
3.85,6.475,-0.217,-7.615,0.124
3.86,6.278,-0.209,-7.779,0.129
3.87,6.077,-0.2,-7.937,0.134
3.88,5.871,-0.191,-8.091,0.14
3.89,5.663,-0.182,-8.238,0.146
3.9,5.452,-0.174,-8.379,0.152
3.91,5.236,-0.165,-8.516,0.158
3.92,5.018,-0.156,-8.646,0.164
3.93,4.795,-0.146,-8.772,0.17
3.94,4.57,-0.136,-8.891,0.177
3.95,4.341,-0.126,-9.005,0.182
3.96,4.11,-0.117,-9.113,0.186
3.97,3.875,-0.106,-9.215,0.191
3.98,3.638,-0.096,-9.312,0.195
3.99,3.397,-0.085,-9.402,0.198
4.0,3.153,-0.074,-9.487,0.199
4.01,2.907,-0.064,-9.565,0.199
4.02,2.658,-0.052,-9.637,0.2
4.03,2.407,-0.041,-9.703,0.199
4.04,2.154,-0.03,-9.763,0.199
4.05,1.9,-0.019,-9.815,0.197
4.06,1.644,-0.008,-9.861,0.194
4.07,1.387,0.002,-9.901,0.192
4.08,1.129,0.012,-9.934,0.189
4.09,0.871,0.023,-9.96,0.186
4.1,0.614,0.033,-9.979,0.183
4.11,0.358,0.044,-9.991,0.18
4.12,0.102,0.054,-9.997,0.177
4.13,-0.152,0.064,-9.997,0.174
4.14,-0.405,0.074,-9.99,0.172
4.15,-0.657,0.083,-9.976,0.17
4.16,-0.906,0.094,-9.956,0.169
4.17,-1.154,0.104,-9.931,0.168
4.18,-1.4,0.114,-9.899,0.167
4.19,-1.644,0.124,-9.861,0.166
4.2,-1.886,0.134,-9.818,0.166
4.21,-2.125,0.144,-9.768,0.166
4.22,-2.362,0.155,-9.714,0.166
4.23,-2.597,0.165,-9.653,0.166
4.24,-2.83,0.176,-9.588,0.166
4.25,-3.06,0.185,-9.516,0.167
4.26,-3.287,0.195,-9.44,0.168
4.27,-3.511,0.205,-9.359,0.169
4.28,-3.732,0.214,-9.273,0.17
4.29,-3.95,0.224,-9.182,0.171
4.3,-4.165,0.233,-9.086,0.171
4.31,-4.377,0.241,-8.986,0.172
4.32,-4.585,0.25,-8.881,0.173
4.33,-4.79,0.258,-8.772,0.172
4.34,-4.991,0.266,-8.659,0.172
4.35,-5.189,0.275,-8.541,0.17
4.36,-5.383,0.282,-8.42,0.169
4.37,-5.574,0.29,-8.295,0.167
4.38,-5.761,0.296,-8.166,0.166
4.39,-5.945,0.302,-8.033,0.165
4.4,-6.124,0.309,-7.897,0.163
4.41,-6.3,0.315,-7.757,0.161
4.42,-6.472,0.321,-7.614,0.159
4.43,-6.64,0.327,-7.468,0.156
4.44,-6.804,0.333,-7.318,0.153
4.45,-6.965,0.337,-7.165,0.151
4.46,-7.122,0.342,-7.008,0.149
4.47,-7.276,0.346,-6.848,0.147
4.48,-7.426,0.35,-6.686,0.144
4.49,-7.572,0.354,-6.52,0.141
4.5,-7.714,0.358,-6.351,0.139
4.51,-7.852,0.363,-6.179,0.136
4.52,-7.986,0.368,-6.004,0.133
4.53,-8.116,0.373,-5.827,0.13
4.54,-8.243,0.377,-5.647,0.127
4.55,-8.365,0.382,-5.464,0.123
4.56,-8.483,0.387,-5.279,0.12
4.57,-8.596,0.392,-5.092,0.117
4.58,-8.705,0.397,-4.903,0.114
4.59,-8.81,0.402,-4.711,0.11
4.6,-8.911,0.408,-4.516,0.106
4.61,-9.008,0.413,-4.321,0.103
4.62,-9.099,0.418,-4.123,0.1
4.63,-9.187,0.423,-3.924,0.097
4.64,-9.27,0.428,-3.723,0.093
4.65,-9.348,0.433,-3.521,0.089
4.66,-9.422,0.437,-3.318,0.086
4.67,-9.492,0.442,-3.113,0.082
4.68,-9.557,0.445,-2.907,0.078
4.69,-9.617,0.447,-2.7,0.074
4.7,-9.673,0.449,-2.492,0.07
4.71,-9.724,0.451,-2.284,0.066
4.72,-9.771,0.453,-2.076,0.062
4.73,-9.813,0.454,-1.869,0.058
4.74,-9.85,0.454,-1.66,0.054
4.75,-9.883,0.455,-1.453,0.051
4.76,-9.911,0.456,-1.245,0.047
4.77,-9.935,0.455,-1.038,0.043
4.78,-9.954,0.453,-0.831,0.039
4.79,-9.97,0.451,-0.625,0.035
4.8,-9.981,0.449,-0.419,0.032
4.81,-9.987,0.447,-0.214,0.028
4.82,-9.99,0.446,-0.009,0.024
4.83,-9.988,0.444,0.194,0.02
4.84,-9.982,0.443,0.398,0.016
4.85,-9.972,0.442,0.602,0.012
4.86,-9.957,0.44,0.805,0.007
4.87,-9.939,0.439,1.007,0.003
4.88,-9.916,0.438,1.209,0.0
4.89,-9.89,0.437,1.41,-0.005
4.9,-9.859,0.437,1.61,-0.009
4.91,-9.825,0.436,1.809,-0.014
4.92,-9.786,0.435,2.007,-0.018
4.93,-9.744,0.435,2.202,-0.022
4.94,-9.699,0.434,2.395,-0.027
4.95,-9.649,0.432,2.586,-0.031
4.96,-9.597,0.431,2.776,-0.035
4.97,-9.541,0.429,2.963,-0.039
4.98,-9.482,0.427,3.147,-0.043
4.99,-9.419,0.425,3.329,-0.047
5.0,-9.354,0.422,3.508,-0.05
5.01,-9.286,0.419,3.685,-0.054
5.02,-9.215,0.415,3.859,-0.057
5.03,-9.141,0.41,4.031,-0.061
5.04,-9.065,0.404,4.201,-0.064
5.05,-8.985,0.398,4.37,-0.067
5.06,-8.903,0.392,4.535,-0.07
5.07,-8.818,0.385,4.698,-0.073
5.08,-8.731,0.378,4.858,-0.075
5.09,-8.642,0.371,5.016,-0.077
5.1,-8.549,0.364,5.173,-0.08
5.11,-8.455,0.358,5.325,-0.081
5.12,-8.359,0.351,5.475,-0.083
5.13,-8.261,0.344,5.622,-0.084
5.14,-8.162,0.337,5.766,-0.087
5.15,-8.06,0.329,5.908,-0.09
5.16,-7.957,0.322,6.046,-0.092
5.17,-7.853,0.315,6.181,-0.095
5.18,-7.747,0.309,6.314,-0.098
5.19,-7.639,0.303,6.444,-0.101
5.2,-7.53,0.297,6.572,-0.105
5.21,-7.418,0.292,6.698,-0.108
5.22,-7.305,0.287,6.821,-0.112
5.23,-7.191,0.282,6.942,-0.117
5.24,-7.074,0.279,7.06,-0.121
5.25,-6.958,0.276,7.175,-0.124
5.26,-6.839,0.273,7.288,-0.128
5.27,-6.718,0.27,7.4,-0.133
5.28,-6.596,0.267,7.509,-0.137
5.29,-6.471,0.264,7.618,-0.14
5.3,-6.344,0.261,7.724,-0.143
5.31,-6.215,0.258,7.828,-0.146
5.32,-6.084,0.257,7.93,-0.148
5.33,-5.953,0.255,8.029,-0.149
5.34,-5.82,0.253,8.126,-0.15
5.35,-5.685,0.251,8.221,-0.152
5.36,-5.548,0.247,8.314,-0.154
5.37,-5.411,0.245,8.404,-0.156
5.38,-5.272,0.241,8.492,-0.156
5.39,-5.132,0.237,8.577,-0.158
5.4,-4.991,0.232,8.66,-0.16
5.41,-4.849,0.228,8.74,-0.16
5.42,-4.707,0.222,8.818,-0.162
5.43,-4.564,0.216,8.893,-0.163
5.44,-4.42,0.209,8.965,-0.163
5.45,-4.276,0.202,9.035,-0.164
5.46,-4.129,0.193,9.103,-0.166
5.47,-3.983,0.185,9.169,-0.167
5.48,-3.836,0.176,9.231,-0.17
5.49,-3.688,0.166,9.291,-0.172
5.5,-3.54,0.156,9.349,-0.173
5.51,-3.389,0.147,9.405,-0.176
5.52,-3.239,0.138,9.458,-0.177
5.53,-3.088,0.128,9.508,-0.178
5.54,-2.936,0.118,9.556,-0.178
5.55,-2.785,0.109,9.602,-0.179
5.56,-2.633,0.1,9.644,-0.182
5.57,-2.481,0.091,9.684,-0.185
5.58,-2.33,0.083,9.722,-0.187
5.59,-2.177,0.075,9.757,-0.19
5.6,-2.023,0.068,9.79,-0.192
5.61,-1.869,0.06,9.821,-0.194
5.62,-1.714,0.052,9.849,-0.198
5.63,-1.558,0.044,9.875,-0.201
5.64,-1.403,0.037,9.898,-0.205
5.65,-1.246,0.031,9.919,-0.209
5.66,-1.089,0.024,9.938,-0.213
5.67,-0.931,0.018,9.954,-0.217
5.68,-0.773,0.012,9.967,-0.221
5.69,-0.614,0.006,9.978,-0.224
5.7,-0.454,0.0,9.987,-0.228
5.71,-0.293,-0.006,9.992,-0.232
5.72,-0.128,-0.012,9.996,-0.236
5.73,0.036,-0.019,9.997,-0.238
5.74,0.203,-0.026,9.994,-0.24
5.75,0.371,-0.033,9.99,-0.241
5.76,0.54,-0.04,9.982,-0.241
5.77,0.71,-0.048,9.971,-0.239
5.78,0.881,-0.055,9.958,-0.237
5.79,1.055,-0.062,9.941,-0.237
5.8,1.231,-0.07,9.92,-0.236
5.81,1.408,-0.077,9.897,-0.234
5.82,1.587,-0.084,9.87,-0.234
5.83,1.766,-0.092,9.839,-0.233
5.84,1.946,-0.1,9.805,-0.232
5.85,2.127,-0.108,9.767,-0.232
5.86,2.311,-0.116,9.725,-0.233
5.87,2.496,-0.124,9.679,-0.234
5.88,2.684,-0.134,9.629,-0.235
5.89,2.882,-0.144,9.571,-0.236
5.9,3.084,-0.154,9.508,-0.238
5.91,3.286,-0.164,9.439,-0.24
5.92,3.486,-0.174,9.367,-0.242
5.93,3.684,-0.185,9.291,-0.242
5.94,3.881,-0.196,9.21,-0.241
5.95,4.076,-0.206,9.125,-0.242
5.96,4.269,-0.216,9.037,-0.242
5.97,4.461,-0.226,8.943,-0.24
5.98,4.653,-0.237,8.845,-0.237
5.99,4.843,-0.248,8.742,-0.232
6.0,5.031,-0.259,8.635,-0.227
6.01,5.217,-0.267,8.524,-0.222
6.02,5.4,-0.275,8.408,-0.217
6.03,5.58,-0.283,8.29,-0.212
6.04,5.756,-0.293,8.168,-0.205
6.05,5.928,-0.305,8.044,-0.196
6.06,6.098,-0.315,7.916,-0.187
6.07,6.264,-0.323,7.785,-0.183
6.08,6.429,-0.329,7.649,-0.183
6.09,6.591,-0.333,7.51,-0.186
6.1,6.748,-0.34,7.368,-0.187
6.11,6.903,-0.35,7.223,-0.186
6.12,7.054,-0.361,7.075,-0.183
6.13,7.202,-0.374,6.925,-0.178
6.14,7.347,-0.387,6.77,-0.174
6.15,7.489,-0.396,6.611,-0.173
6.16,7.629,-0.403,6.449,-0.173
6.17,7.766,-0.408,6.283,-0.174
6.18,7.9,-0.413,6.114,-0.175
6.19,8.029,-0.421,5.942,-0.171
6.2,8.155,-0.429,5.769,-0.167
6.21,8.276,-0.434,5.593,-0.166
6.22,8.393,-0.437,5.415,-0.165
6.23,8.507,-0.441,5.234,-0.163
6.24,8.617,-0.443,5.051,-0.162
6.25,8.723,-0.445,4.865,-0.161
6.26,8.826,-0.449,4.676,-0.158
6.27,8.925,-0.452,4.485,-0.154
6.28,9.02,-0.455,4.29,-0.15
6.29,9.111,-0.459,4.092,-0.145
6.3,9.197,-0.467,3.893,-0.137
6.31,9.28,-0.475,3.691,-0.13
6.32,9.359,-0.48,3.486,-0.122
6.33,9.433,-0.482,3.279,-0.116
6.34,9.504,-0.482,3.068,-0.11
6.35,9.571,-0.483,2.855,-0.102
6.36,9.632,-0.485,2.639,-0.094
6.37,9.689,-0.489,2.421,-0.084
6.38,9.741,-0.494,2.201,-0.075
6.39,9.789,-0.498,1.979,-0.065
6.4,9.831,-0.501,1.756,-0.055
6.41,9.868,-0.505,1.532,-0.046
6.42,9.901,-0.509,1.306,-0.037
6.43,9.928,-0.512,1.079,-0.029
6.44,9.95,-0.518,0.851,-0.021
6.45,9.967,-0.52,0.621,-0.015
6.46,9.978,-0.519,0.39,-0.009
6.47,9.985,-0.516,0.158,-0.004
6.48,9.986,-0.516,-0.075,0.0
6.49,9.981,-0.52,-0.307,0.003
6.5,9.971,-0.525,-0.541,0.006
6.51,9.955,-0.527,-0.775,0.01
6.52,9.934,-0.526,-1.009,0.012
6.53,9.908,-0.521,-1.242,0.015
6.54,9.876,-0.516,-1.475,0.018
6.55,9.839,-0.514,-1.708,0.021
6.56,9.796,-0.515,-1.938,0.023
6.57,9.748,-0.517,-2.167,0.026
6.58,9.694,-0.519,-2.395,0.029
6.59,9.635,-0.516,-2.623,0.033
6.6,9.571,-0.509,-2.849,0.039
6.61,9.502,-0.499,-3.074,0.046
6.62,9.427,-0.491,-3.298,0.053
6.63,9.347,-0.485,-3.519,0.059
6.64,9.262,-0.481,-3.737,0.065
6.65,9.172,-0.475,-3.954,0.072
6.66,9.076,-0.468,-4.169,0.079
6.67,8.976,-0.461,-4.381,0.087
6.68,8.872,-0.454,-4.589,0.094
6.69,8.763,-0.446,-4.795,0.101
6.7,8.649,-0.438,-4.997,0.108
6.71,8.532,-0.43,-5.196,0.115
6.72,8.41,-0.419,-5.391,0.123
6.73,8.283,-0.406,-5.585,0.132
6.74,8.152,-0.394,-5.775,0.14
6.75,8.016,-0.386,-5.963,0.145
6.76,7.876,-0.38,-6.148,0.149
6.77,7.731,-0.375,-6.328,0.152
6.78,7.583,-0.37,-6.506,0.155
6.79,7.429,-0.362,-6.681,0.159
6.8,7.271,-0.354,-6.853,0.165
6.81,7.109,-0.345,-7.021,0.17
6.82,6.942,-0.338,-7.186,0.174
6.83,6.771,-0.331,-7.348,0.177
6.84,6.597,-0.325,-7.505,0.18
6.85,6.419,-0.317,-7.658,0.184
6.86,6.237,-0.31,-7.807,0.188
6.87,6.052,-0.302,-7.952,0.193
6.88,5.864,-0.294,-8.092,0.197
6.89,5.672,-0.286,-8.227,0.2
6.9,5.477,-0.278,-8.359,0.204
6.91,5.28,-0.269,-8.485,0.209
6.92,5.08,-0.259,-8.606,0.213
6.93,4.878,-0.249,-8.722,0.217
6.94,4.674,-0.239,-8.834,0.221
6.95,4.468,-0.228,-8.94,0.224
6.96,4.259,-0.217,-9.041,0.227
6.97,4.049,-0.205,-9.138,0.231
6.98,3.836,-0.194,-9.229,0.234
6.99,3.622,-0.181,-9.316,0.236
7.0,3.406,-0.169,-9.397,0.239
7.01,3.188,-0.156,-9.473,0.241
7.02,2.969,-0.142,-9.544,0.243
7.03,2.749,-0.129,-9.61,0.246
7.04,2.528,-0.115,-9.671,0.247
7.05,2.305,-0.101,-9.726,0.249
7.06,2.081,-0.088,-9.777,0.251
7.07,1.858,-0.074,-9.822,0.252
7.08,1.633,-0.06,-9.862,0.253
7.09,1.408,-0.046,-9.896,0.255
7.1,1.183,-0.032,-9.926,0.256
7.11,0.958,-0.019,-9.95,0.258
7.12,0.733,-0.006,-9.969,0.26
7.13,0.507,0.006,-9.983,0.261
7.14,0.281,0.019,-9.992,0.263
7.15,0.055,0.031,-9.996,0.265
7.16,-0.17,0.043,-9.994,0.268
7.17,-0.395,0.054,-9.988,0.271
7.18,-0.619,0.066,-9.976,0.274
7.19,-0.844,0.077,-9.96,0.276
7.2,-1.068,0.088,-9.938,0.279
7.21,-1.291,0.1,-9.911,0.281
7.22,-1.514,0.111,-9.879,0.284
7.23,-1.737,0.121,-9.842,0.285
7.24,-1.959,0.132,-9.8,0.287
7.25,-2.181,0.143,-9.753,0.289
7.26,-2.403,0.154,-9.701,0.29
7.27,-2.625,0.165,-9.643,0.291
7.28,-2.845,0.176,-9.58,0.291
7.29,-3.065,0.185,-9.512,0.292
7.3,-3.284,0.197,-9.438,0.292
7.31,-3.503,0.208,-9.359,0.291
7.32,-3.72,0.218,-9.274,0.291
7.33,-3.935,0.229,-9.185,0.29
7.34,-4.149,0.241,-9.09,0.286
7.35,-4.361,0.252,-8.99,0.283
7.36,-4.572,0.263,-8.884,0.28
7.37,-4.783,0.274,-8.773,0.276
7.38,-4.989,0.285,-8.657,0.271
7.39,-5.193,0.295,-8.536,0.267
7.4,-5.395,0.306,-8.41,0.263
7.41,-5.594,0.317,-8.278,0.257
7.42,-5.79,0.328,-8.142,0.252
7.43,-5.983,0.338,-8.001,0.247
7.44,-6.173,0.348,-7.855,0.243
7.45,-6.36,0.358,-7.704,0.238
7.46,-6.544,0.368,-7.548,0.233
7.47,-6.725,0.377,-7.387,0.229
7.48,-6.901,0.387,-7.222,0.224
7.49,-7.074,0.397,-7.053,0.218
7.5,-7.243,0.405,-6.879,0.213
7.51,-7.407,0.414,-6.702,0.21
7.52,-7.567,0.422,-6.52,0.205
7.53,-7.722,0.43,-6.335,0.201
7.54,-7.873,0.438,-6.145,0.196
7.55,-8.02,0.446,-5.953,0.191
7.56,-8.161,0.453,-5.757,0.187
7.57,-8.298,0.459,-5.558,0.183
7.58,-8.43,0.465,-5.355,0.178
7.59,-8.557,0.471,-5.149,0.173
7.6,-8.679,0.477,-4.939,0.17
7.61,-8.797,0.483,-4.726,0.164
7.62,-8.91,0.489,-4.509,0.159
7.63,-9.019,0.494,-4.287,0.154
7.64,-9.122,0.5,-4.062,0.148
7.65,-9.22,0.505,-3.835,0.142
7.66,-9.311,0.509,-3.606,0.136
7.67,-9.398,0.512,-3.375,0.128
7.68,-9.479,0.515,-3.14,0.12
7.69,-9.554,0.519,-2.904,0.113
7.7,-9.623,0.522,-2.665,0.105
7.71,-9.686,0.524,-2.424,0.097
7.72,-9.744,0.526,-2.182,0.088
7.73,-9.795,0.528,-1.937,0.079
7.74,-9.841,0.529,-1.691,0.071
7.75,-9.88,0.531,-1.444,0.062
7.76,-9.913,0.533,-1.194,0.054
7.77,-9.94,0.535,-0.943,0.045
7.78,-9.961,0.536,-0.69,0.037
7.79,-9.976,0.536,-0.436,0.031
7.8,-9.983,0.537,-0.179,0.022
7.81,-9.985,0.538,0.077,0.014
7.82,-9.979,0.538,0.335,0.007
7.83,-9.967,0.537,0.593,0.0
7.84,-9.949,0.536,0.851,-0.009
7.85,-9.923,0.535,1.111,-0.016
7.86,-9.891,0.532,1.369,-0.024
7.87,-9.852,0.531,1.628,-0.033
7.88,-9.806,0.529,1.886,-0.041
7.89,-9.753,0.526,2.143,-0.049
7.9,-9.693,0.523,2.398,-0.057
7.91,-9.627,0.52,2.651,-0.067
7.92,-9.555,0.516,2.901,-0.076
7.93,-9.476,0.511,3.149,-0.085
7.94,-9.391,0.507,3.396,-0.094
7.95,-9.299,0.502,3.64,-0.103
7.96,-9.201,0.496,3.882,-0.111
7.97,-9.096,0.49,4.122,-0.12
7.98,-8.986,0.484,4.358,-0.129
7.99,-8.868,0.478,4.593,-0.137
8.0,-8.744,0.472,4.825,-0.145
8.01,-8.614,0.465,5.054,-0.154
8.02,-8.478,0.457,5.28,-0.162
8.03,-8.335,0.45,5.503,-0.17
8.04,-8.186,0.442,5.722,-0.178
8.05,-8.031,0.433,5.938,-0.185
8.06,-7.871,0.423,6.149,-0.195
8.07,-7.704,0.414,6.358,-0.202
8.08,-7.531,0.405,6.562,-0.209
8.09,-7.353,0.394,6.762,-0.217
8.1,-7.169,0.383,6.956,-0.224
8.11,-6.98,0.372,7.146,-0.232
8.12,-6.787,0.362,7.33,-0.238
8.13,-6.589,0.351,7.509,-0.246
8.14,-6.386,0.34,7.683,-0.252
8.15,-6.179,0.328,7.851,-0.258
8.16,-5.967,0.316,8.013,-0.266
8.17,-5.75,0.304,8.17,-0.272
8.18,-5.53,0.291,8.321,-0.28
8.19,-5.306,0.279,8.466,-0.287
8.2,-5.077,0.267,8.605,-0.292
8.21,-4.845,0.253,8.739,-0.298
8.22,-4.609,0.24,8.865,-0.306
8.23,-4.37,0.227,8.986,-0.312
8.24,-4.127,0.213,9.1,-0.318
8.25,-3.88,0.199,9.208,-0.323
8.26,-3.631,0.186,9.309,-0.329
8.27,-3.379,0.171,9.404,-0.334
8.28,-3.124,0.157,9.491,-0.339
8.29,-2.866,0.142,9.573,-0.343
8.3,-2.606,0.127,9.647,-0.348
8.31,-2.344,0.112,9.714,-0.353
8.32,-2.078,0.097,9.774,-0.356
8.33,-1.811,0.081,9.827,-0.361
8.34,-1.543,0.065,9.873,-0.364
8.35,-1.271,0.049,9.911,-0.366
8.36,-0.999,0.032,9.943,-0.368
8.37,-0.727,0.016,9.966,-0.371
8.38,-0.454,0.001,9.982,-0.373
8.39,-0.179,-0.014,9.991,-0.375
8.4,0.095,-0.031,9.992,-0.377
8.41,0.371,-0.047,9.985,-0.377
8.42,0.648,-0.063,9.971,-0.377
8.43,0.923,-0.08,9.949,-0.378
8.44,1.198,-0.096,9.92,-0.378
8.45,1.474,-0.113,9.882,-0.376
8.46,1.747,-0.129,9.838,-0.375
8.47,2.019,-0.146,9.785,-0.375
8.48,2.29,-0.162,9.725,-0.371
8.49,2.559,-0.178,9.658,-0.37
8.5,2.825,-0.195,9.583,-0.369
8.51,3.091,-0.211,9.5,-0.365
8.52,3.355,-0.227,9.41,-0.362
8.53,3.616,-0.243,9.313,-0.36
8.54,3.875,-0.259,9.208,-0.356
8.55,4.131,-0.275,9.095,-0.352
8.56,4.383,-0.289,8.976,-0.348
8.57,4.631,-0.304,8.85,-0.344
8.58,4.876,-0.319,8.717,-0.339
8.59,5.117,-0.333,8.578,-0.334
8.6,5.354,-0.347,8.431,-0.33
8.61,5.588,-0.36,8.278,-0.325
8.62,5.817,-0.373,8.118,-0.321
8.63,6.042,-0.387,7.952,-0.315
8.64,6.262,-0.4,7.779,-0.309
8.65,6.477,-0.413,7.6,-0.303
8.66,6.688,-0.426,7.415,-0.297
8.67,6.893,-0.438,7.224,-0.289
8.68,7.093,-0.449,7.028,-0.281
8.69,7.287,-0.461,6.827,-0.274
8.7,7.475,-0.472,6.619,-0.265
8.71,7.659,-0.482,6.406,-0.257
8.72,7.837,-0.492,6.186,-0.248
8.73,8.009,-0.5,5.962,-0.24
8.74,8.174,-0.508,5.733,-0.232
8.75,8.333,-0.517,5.498,-0.223
8.76,8.486,-0.525,5.259,-0.215
8.77,8.632,-0.533,5.016,-0.206
8.78,8.771,-0.54,4.768,-0.198
8.79,8.903,-0.547,4.516,-0.189
8.8,9.028,-0.553,4.26,-0.181
8.81,9.146,-0.561,3.999,-0.172
8.82,9.256,-0.566,3.736,-0.162
8.83,9.36,-0.573,3.469,-0.153
8.84,9.455,-0.578,3.199,-0.144
8.85,9.543,-0.583,2.926,-0.134
8.86,9.623,-0.587,2.65,-0.124
8.87,9.695,-0.59,2.372,-0.114
8.88,9.76,-0.594,2.091,-0.103
8.89,9.816,-0.597,1.809,-0.092
8.9,9.864,-0.6,1.525,-0.081
8.91,9.904,-0.602,1.239,-0.07
8.92,9.935,-0.604,0.953,-0.059
8.93,9.959,-0.604,0.666,-0.047
8.94,9.974,-0.605,0.378,-0.036
8.95,9.981,-0.606,0.09,-0.024
8.96,9.979,-0.604,-0.198,-0.013
8.97,9.969,-0.603,-0.486,-0.001
8.98,9.951,-0.602,-0.773,0.01
8.99,9.925,-0.598,-1.059,0.022
9.0,9.891,-0.596,-1.344,0.033
9.01,9.848,-0.595,-1.63,0.045
9.02,9.797,-0.59,-1.913,0.058
9.03,9.737,-0.585,-2.196,0.069
9.04,9.67,-0.579,-2.477,0.081
9.05,9.594,-0.574,-2.757,0.093
9.06,9.51,-0.568,-3.035,0.104
9.07,9.418,-0.561,-3.312,0.116
9.08,9.317,-0.553,-3.585,0.127
9.09,9.209,-0.546,-3.856,0.139
9.1,9.093,-0.537,-4.123,0.151
9.11,8.969,-0.528,-4.387,0.162
9.12,8.836,-0.519,-4.648,0.173
9.13,8.697,-0.509,-4.905,0.185
9.14,8.549,-0.5,-5.158,0.195
9.15,8.394,-0.491,-5.407,0.206
9.16,8.233,-0.481,-5.651,0.217
9.17,8.063,-0.471,-5.89,0.227
9.18,7.887,-0.46,-6.124,0.236
9.19,7.704,-0.449,-6.353,0.246
9.2,7.515,-0.437,-6.577,0.256
9.21,7.319,-0.425,-6.794,0.266
9.22,7.118,-0.412,-7.005,0.276
9.23,6.911,-0.4,-7.21,0.285
9.24,6.697,-0.387,-7.409,0.295
9.25,6.478,-0.372,-7.602,0.304
9.26,6.253,-0.358,-7.789,0.314
9.27,6.021,-0.344,-7.969,0.322
9.28,5.786,-0.328,-8.142,0.331
9.29,5.546,-0.313,-8.308,0.34
9.3,5.3,-0.297,-8.467,0.348
9.31,5.05,-0.281,-8.618,0.356
9.32,4.796,-0.265,-8.763,0.364
9.33,4.537,-0.249,-8.9,0.371
9.34,4.275,-0.231,-9.029,0.378
9.35,4.008,-0.215,-9.15,0.385
9.36,3.738,-0.198,-9.264,0.392
9.37,3.464,-0.18,-9.37,0.398
9.38,3.186,-0.163,-9.468,0.403
9.39,2.905,-0.145,-9.558,0.409
9.4,2.621,-0.126,-9.64,0.413
9.41,2.335,-0.108,-9.713,0.418
9.42,2.045,-0.091,-9.778,0.421
9.43,1.755,-0.072,-9.835,0.423
9.44,1.463,-0.053,-9.883,0.426
9.45,1.169,-0.035,-9.922,0.428
9.46,0.875,-0.017,-9.952,0.43
9.47,0.58,0.001,-9.973,0.431
9.48,0.285,0.018,-9.986,0.433
9.49,-0.009,0.036,-9.99,0.434
9.5,-0.305,0.055,-9.985,0.435
9.51,-0.6,0.073,-9.972,0.435
9.52,-0.895,0.091,-9.949,0.435
9.53,-1.189,0.11,-9.918,0.436
9.54,-1.484,0.128,-9.878,0.435
9.55,-1.777,0.146,-9.83,0.435
9.56,-2.067,0.165,-9.772,0.434
9.57,-2.356,0.182,-9.706,0.433
9.58,-2.643,0.199,-9.632,0.432
9.59,-2.928,0.218,-9.549,0.43
9.6,-3.21,0.235,-9.457,0.429
9.61,-3.49,0.253,-9.357,0.426
9.62,-3.766,0.27,-9.249,0.424
9.63,-4.038,0.287,-9.134,0.421
9.64,-4.307,0.304,-9.01,0.417
9.65,-4.571,0.322,-8.878,0.413
9.66,-4.832,0.337,-8.738,0.409
9.67,-5.088,0.355,-8.591,0.404
9.68,-5.34,0.371,-8.436,0.399
9.69,-5.586,0.387,-8.275,0.393
9.7,-5.828,0.404,-8.106,0.386
9.71,-6.065,0.42,-7.929,0.379
9.72,-6.298,0.435,-7.746,0.372
9.73,-6.524,0.449,-7.556,0.365
9.74,-6.745,0.464,-7.358,0.356
9.75,-6.96,0.479,-7.155,0.347
9.76,-7.169,0.492,-6.945,0.338
9.77,-7.372,0.506,-6.729,0.329
9.78,-7.568,0.52,-6.507,0.318
9.79,-7.757,0.533,-6.279,0.308
9.8,-7.94,0.545,-6.046,0.297
9.81,-8.116,0.557,-5.807,0.286
9.82,-8.284,0.568,-5.564,0.276
9.83,-8.446,0.58,-5.315,0.264
9.84,-8.6,0.589,-5.061,0.252
9.85,-8.746,0.6,-4.803,0.24
9.86,-8.886,0.61,-4.539,0.228
9.87,-9.017,0.618,-4.272,0.215
9.88,-9.14,0.625,-4.001,0.203
9.89,-9.255,0.631,-3.727,0.19
9.9,-9.362,0.638,-3.45,0.177
9.91,-9.46,0.644,-3.17,0.164
9.92,-9.55,0.649,-2.888,0.15
9.93,-9.631,0.653,-2.605,0.137
9.94,-9.704,0.657,-2.319,0.125
9.95,-9.768,0.66,-2.031,0.111
9.96,-9.824,0.661,-1.742,0.097
9.97,-9.871,0.663,-1.45,0.085
9.98,-9.91,0.665,-1.156,0.071
9.99,-9.94,0.666,-0.862,0.058
10.0,-9.961,0.665,-0.568,0.045
10.01,-9.974,0.664,-0.272,0.032
10.02,-9.977,0.663,0.023,0.02
10.03,-9.973,0.661,0.318,0.007
10.04,-9.959,0.658,0.613,-0.006
10.05,-9.936,0.656,0.908,-0.018
10.06,-9.905,0.652,1.203,-0.031
10.07,-9.866,0.647,1.496,-0.045
10.08,-9.817,0.643,1.789,-0.058
10.09,-9.759,0.638,2.082,-0.071
10.1,-9.693,0.633,2.371,-0.084
10.11,-9.618,0.627,2.66,-0.099
10.12,-9.534,0.622,2.948,-0.112
10.13,-9.441,0.615,3.233,-0.125
10.14,-9.34,0.608,3.516,-0.139
10.15,-9.23,0.601,3.796,-0.153
10.16,-9.111,0.593,4.073,-0.166
10.17,-8.984,0.585,4.347,-0.18
10.18,-8.849,0.577,4.617,-0.194
10.19,-8.706,0.567,4.882,-0.207
10.2,-8.555,0.557,5.142,-0.222
10.21,-8.395,0.546,5.399,-0.236
10.22,-8.228,0.535,5.651,-0.25
10.23,-8.054,0.523,5.897,-0.263
10.24,-7.872,0.51,6.138,-0.276
10.25,-7.683,0.498,6.374,-0.288
10.26,-7.487,0.484,6.604,-0.301
10.27,-7.284,0.471,6.827,-0.312
10.28,-7.074,0.457,7.044,-0.324
10.29,-6.859,0.442,7.255,-0.336
10.3,-6.636,0.428,7.459,-0.346
10.31,-6.408,0.413,7.657,-0.357
10.32,-6.173,0.397,7.847,-0.367
10.33,-5.933,0.381,8.031,-0.376
10.34,-5.686,0.365,8.208,-0.385
10.35,-5.434,0.348,8.378,-0.394
10.36,-5.177,0.33,8.539,-0.401
10.37,-4.915,0.313,8.693,-0.409
10.38,-4.648,0.296,8.839,-0.417
10.39,-4.377,0.277,8.976,-0.423
10.4,-4.102,0.259,9.105,-0.429
10.41,-3.823,0.241,9.226,-0.435
10.42,-3.54,0.223,9.339,-0.441
10.43,-3.253,0.205,9.443,-0.447
10.44,-2.964,0.186,9.537,-0.451
10.45,-2.672,0.168,9.624,-0.456
10.46,-2.378,0.15,9.701,-0.46
10.47,-2.081,0.131,9.769,-0.464
10.48,-1.782,0.112,9.828,-0.468
10.49,-1.481,0.093,9.877,-0.472
10.5,-1.179,0.075,9.918,-0.474
10.51,-0.874,0.056,9.95,-0.476
10.52,-0.57,0.037,9.972,-0.478
10.53,-0.264,0.018,9.984,-0.479
10.54,0.039,0.0,9.988,-0.481
10.55,0.344,-0.018,9.982,-0.482
10.56,0.649,-0.037,9.967,-0.481
10.57,0.953,-0.055,9.942,-0.483
10.58,1.256,-0.074,9.908,-0.483
10.59,1.559,-0.094,9.865,-0.482
10.6,1.86,-0.112,9.812,-0.482
10.61,2.159,-0.132,9.751,-0.481
10.62,2.456,-0.151,9.68,-0.48
10.63,2.749,-0.171,9.6,-0.479
10.64,3.04,-0.19,9.512,-0.478
10.65,3.329,-0.209,9.415,-0.475
10.66,3.615,-0.229,9.308,-0.473
10.67,3.898,-0.249,9.193,-0.47
10.68,4.176,-0.268,9.07,-0.467
10.69,4.452,-0.288,8.937,-0.462
10.7,4.723,-0.307,8.796,-0.458
10.71,4.99,-0.326,8.647,-0.453
10.72,5.253,-0.345,8.49,-0.447
10.73,5.511,-0.364,8.324,-0.441
10.74,5.762,-0.382,8.151,-0.435
10.75,6.008,-0.4,7.971,-0.427
10.76,6.248,-0.417,7.784,-0.42
10.77,6.483,-0.434,7.589,-0.413
10.78,6.711,-0.449,7.388,-0.404
10.79,6.934,-0.465,7.179,-0.394
10.8,7.15,-0.48,6.963,-0.386
10.81,7.359,-0.494,6.741,-0.377
10.82,7.561,-0.507,6.513,-0.365
10.83,7.757,-0.522,6.279,-0.355
10.84,7.944,-0.535,6.039,-0.345
10.85,8.125,-0.546,5.794,-0.333
10.86,8.298,-0.559,5.542,-0.321
10.87,8.464,-0.569,5.285,-0.311
10.88,8.621,-0.58,5.023,-0.298
10.89,8.771,-0.59,4.757,-0.286
10.9,8.912,-0.599,4.487,-0.274
10.91,9.045,-0.607,4.212,-0.261
10.92,9.169,-0.615,3.934,-0.249
10.93,9.285,-0.623,3.652,-0.237
10.94,9.392,-0.629,3.366,-0.225
10.95,9.49,-0.636,3.078,-0.212
10.96,9.58,-0.642,2.786,-0.2
10.97,9.66,-0.648,2.493,-0.187
10.98,9.732,-0.653,2.197,-0.174
10.99,9.794,-0.658,1.898,-0.161
11.0,9.848,-0.663,1.598,-0.149
11.01,9.892,-0.667,1.295,-0.136
11.02,9.927,-0.671,0.991,-0.122
11.03,9.952,-0.674,0.686,-0.109
11.04,9.969,-0.676,0.381,-0.096
11.05,9.976,-0.678,0.074,-0.083
11.06,9.973,-0.68,-0.232,-0.07
11.07,9.962,-0.679,-0.539,-0.057
11.08,9.94,-0.68,-0.845,-0.044
11.09,9.91,-0.679,-1.151,-0.031
11.1,9.87,-0.677,-1.456,-0.017
11.11,9.82,-0.676,-1.759,-0.004
11.12,9.762,-0.673,-2.06,0.008
11.13,9.694,-0.67,-2.359,0.022
11.14,9.617,-0.668,-2.656,0.036
11.15,9.531,-0.664,-2.95,0.05
11.16,9.437,-0.659,-3.24,0.065
11.17,9.333,-0.656,-3.528,0.08
11.18,9.221,-0.649,-3.813,0.094
11.19,9.1,-0.642,-4.093,0.109
11.2,8.971,-0.636,-4.369,0.124
11.21,8.833,-0.629,-4.642,0.139
11.22,8.688,-0.619,-4.909,0.153
11.23,8.533,-0.611,-5.173,0.168
11.24,8.372,-0.602,-5.432,0.184
11.25,8.202,-0.592,-5.685,0.199
11.26,8.025,-0.58,-5.933,0.215
11.27,7.841,-0.568,-6.175,0.23
11.28,7.648,-0.556,-6.413,0.244
11.29,7.449,-0.543,-6.644,0.259
11.3,7.242,-0.529,-6.869,0.273
11.31,7.029,-0.515,-7.088,0.285
11.32,6.809,-0.501,-7.3,0.3
11.33,6.582,-0.486,-7.505,0.313
11.34,6.349,-0.471,-7.704,0.325
11.35,6.11,-0.455,-7.895,0.338
11.36,5.864,-0.44,-8.08,0.349
11.37,5.614,-0.423,-8.256,0.361
11.38,5.358,-0.406,-8.425,0.372
11.39,5.096,-0.39,-8.586,0.382
11.4,4.83,-0.372,-8.739,0.392
11.41,4.559,-0.354,-8.883,0.402
11.42,4.284,-0.337,-9.02,0.411
11.43,4.004,-0.32,-9.147,0.42
11.44,3.722,-0.301,-9.266,0.429
11.45,3.436,-0.283,-9.376,0.438
11.46,3.146,-0.265,-9.477,0.445
11.47,2.854,-0.247,-9.569,0.453
11.48,2.559,-0.228,-9.653,0.461
11.49,2.262,-0.209,-9.727,0.467
11.5,1.962,-0.19,-9.792,0.474
11.51,1.661,-0.171,-9.847,0.48
11.52,1.358,-0.151,-9.894,0.485
11.53,1.054,-0.131,-9.931,0.49
11.54,0.748,-0.111,-9.959,0.494
11.55,0.441,-0.091,-9.977,0.498
11.56,0.134,-0.069,-9.986,0.502
11.57,-0.172,-0.049,-9.985,0.505
11.58,-0.478,-0.028,-9.975,0.508
11.59,-0.783,-0.006,-9.956,0.51
11.6,-1.087,0.013,-9.927,0.513
11.61,-1.389,0.034,-9.889,0.515
11.62,-1.69,0.054,-9.842,0.516
11.63,-1.99,0.075,-9.785,0.517
11.64,-2.288,0.096,-9.72,0.518
11.65,-2.584,0.117,-9.645,0.517
11.66,-2.877,0.138,-9.562,0.518
11.67,-3.168,0.159,-9.469,0.517
11.68,-3.455,0.179,-9.368,0.517
11.69,-3.739,0.2,-9.258,0.515
11.7,-4.019,0.221,-9.139,0.513
11.71,-4.296,0.242,-9.012,0.51
11.72,-4.57,0.262,-8.876,0.506
11.73,-4.838,0.283,-8.732,0.502
11.74,-5.103,0.302,-8.58,0.499
11.75,-5.362,0.322,-8.419,0.494
11.76,-5.616,0.341,-8.252,0.489
11.77,-5.865,0.36,-8.076,0.484
11.78,-6.108,0.378,-7.893,0.478
11.79,-6.347,0.397,-7.702,0.471
11.8,-6.579,0.415,-7.504,0.464
11.81,-6.806,0.432,-7.299,0.457
11.82,-7.026,0.45,-7.086,0.448
11.83,-7.24,0.466,-6.867,0.439
11.84,-7.447,0.483,-6.642,0.43
11.85,-7.647,0.499,-6.409,0.42
11.86,-7.84,0.514,-6.171,0.411
11.87,-8.026,0.529,-5.927,0.4
11.88,-8.204,0.543,-5.677,0.39
11.89,-8.375,0.557,-5.422,0.379
11.9,-8.537,0.571,-5.162,0.367
11.91,-8.691,0.583,-4.897,0.356
11.92,-8.838,0.596,-4.627,0.344
11.93,-8.976,0.608,-4.352,0.332
11.94,-9.105,0.619,-4.074,0.32
11.95,-9.226,0.629,-3.792,0.307
11.96,-9.338,0.64,-3.505,0.294
11.97,-9.442,0.649,-3.216,0.282
11.98,-9.536,0.658,-2.923,0.268
11.99,-9.621,0.667,-2.628,0.255
12.0,-9.698,0.674,-2.331,0.241
12.01,-9.764,0.682,-2.031,0.227
12.02,-9.822,0.689,-1.73,0.212
12.03,-9.871,0.695,-1.427,0.197
12.04,-9.91,0.7,-1.122,0.182
12.05,-9.94,0.705,-0.816,0.168
12.06,-9.96,0.709,-0.508,0.152
12.07,-9.971,0.712,-0.2,0.136
12.08,-9.973,0.715,0.107,0.12
12.09,-9.965,0.717,0.414,0.103
12.1,-9.947,0.718,0.72,0.086
12.11,-9.92,0.718,1.026,0.069
12.12,-9.884,0.719,1.331,0.052
12.13,-9.839,0.717,1.634,0.035
12.14,-9.784,0.715,1.936,0.018
12.15,-9.72,0.713,2.236,0.001
12.16,-9.647,0.709,2.533,-0.016
12.17,-9.565,0.706,2.828,-0.033
12.18,-9.474,0.701,3.121,-0.05
12.19,-9.374,0.695,3.41,-0.068
12.2,-9.265,0.689,3.697,-0.085
12.21,-9.148,0.681,3.979,-0.102
12.22,-9.021,0.673,4.258,-0.12
12.23,-8.886,0.666,4.534,-0.136
12.24,-8.743,0.656,4.805,-0.153
12.25,-8.592,0.647,5.071,-0.17
12.26,-8.432,0.638,5.334,-0.187
12.27,-8.264,0.626,5.591,-0.203
12.28,-8.088,0.614,5.843,-0.219
12.29,-7.905,0.602,6.089,-0.236
12.3,-7.714,0.589,6.33,-0.251
12.31,-7.516,0.576,6.564,-0.266
12.32,-7.311,0.563,6.793,-0.281
12.33,-7.098,0.549,7.015,-0.295
12.34,-6.88,0.533,7.23,-0.31
12.35,-6.654,0.518,7.439,-0.324
12.36,-6.422,0.502,7.64,-0.338
12.37,-6.184,0.484,7.835,-0.351
12.38,-5.939,0.467,8.022,-0.365
12.39,-5.689,0.45,8.202,-0.378
12.4,-5.434,0.432,8.374,-0.391
12.41,-5.174,0.414,8.537,-0.403
12.42,-4.909,0.395,8.692,-0.415
12.43,-4.639,0.377,8.84,-0.427
12.44,-4.365,0.357,8.979,-0.438
12.45,-4.087,0.338,9.109,-0.449
12.46,-3.804,0.319,9.23,-0.459
12.47,-3.518,0.299,9.343,-0.468
12.48,-3.228,0.279,9.448,-0.477
12.49,-2.936,0.259,9.543,-0.487
12.5,-2.64,0.239,9.629,-0.496
12.51,-2.342,0.218,9.706,-0.505
12.52,-2.042,0.197,9.773,-0.513
12.53,-1.74,0.176,9.831,-0.522
12.54,-1.436,0.155,9.88,-0.529
12.55,-1.13,0.133,9.92,-0.536
12.56,-0.824,0.111,9.95,-0.543
12.57,-0.516,0.089,9.971,-0.549
12.58,-0.208,0.068,9.982,-0.554
12.59,0.098,0.046,9.983,-0.56
12.6,0.407,0.023,9.975,-0.564
12.61,0.713,0.001,9.958,-0.568
12.62,1.02,-0.02,9.931,-0.572
12.63,1.326,-0.042,9.894,-0.575
12.64,1.63,-0.064,9.848,-0.578
12.65,1.933,-0.086,9.793,-0.58
12.66,2.234,-0.108,9.729,-0.582
12.67,2.534,-0.13,9.655,-0.583
12.68,2.831,-0.152,9.571,-0.583
12.69,3.125,-0.174,9.479,-0.584
12.7,3.416,-0.196,9.378,-0.583
12.71,3.704,-0.218,9.267,-0.581
12.72,3.989,-0.24,9.148,-0.58
12.73,4.269,-0.263,9.02,-0.577
12.74,4.546,-0.284,8.883,-0.574
12.75,4.818,-0.306,8.738,-0.57
12.76,5.085,-0.328,8.585,-0.566
12.77,5.347,-0.349,8.424,-0.561
12.78,5.604,-0.37,8.254,-0.555
12.79,5.857,-0.391,8.077,-0.549
12.8,6.103,-0.411,7.891,-0.542
12.81,6.344,-0.431,7.699,-0.534
12.82,6.579,-0.451,7.498,-0.525
12.83,6.807,-0.47,7.292,-0.516
12.84,7.029,-0.489,7.077,-0.506
12.85,7.244,-0.508,6.856,-0.496
12.86,7.452,-0.525,6.629,-0.484
12.87,7.653,-0.542,6.396,-0.473
12.88,7.846,-0.559,6.156,-0.462
12.89,8.033,-0.574,5.91,-0.449
12.9,8.211,-0.59,5.659,-0.436
12.91,8.382,-0.605,5.403,-0.423
12.92,8.544,-0.619,5.141,-0.41
12.93,8.699,-0.633,4.875,-0.395
12.94,8.845,-0.647,4.604,-0.381
12.95,8.982,-0.658,4.329,-0.367
12.96,9.111,-0.67,4.049,-0.352
12.97,9.232,-0.682,3.765,-0.337
12.98,9.344,-0.692,3.479,-0.322
12.99,9.446,-0.701,3.189,-0.307
13.0,9.54,-0.712,2.896,-0.291
13.01,9.625,-0.721,2.6,-0.275
13.02,9.7,-0.729,2.302,-0.258
13.03,9.766,-0.737,2.001,-0.242
13.04,9.823,-0.744,1.698,-0.225
13.05,9.871,-0.751,1.394,-0.208
13.06,9.909,-0.757,1.089,-0.191
13.07,9.938,-0.761,0.782,-0.174
13.08,9.957,-0.766,0.475,-0.157
13.09,9.967,-0.77,0.168,-0.138
13.1,9.968,-0.773,-0.139,-0.12
13.11,9.959,-0.775,-0.446,-0.103
13.12,9.94,-0.777,-0.752,-0.084
13.13,9.913,-0.778,-1.058,-0.066
13.14,9.875,-0.778,-1.363,-0.048
13.15,9.829,-0.778,-1.666,-0.029
13.16,9.773,-0.777,-1.968,-0.012
13.17,9.708,-0.775,-2.268,0.006
13.18,9.634,-0.773,-2.566,0.024
13.19,9.55,-0.769,-2.861,0.043
13.2,9.458,-0.764,-3.153,0.061
13.21,9.357,-0.759,-3.442,0.08
13.22,9.247,-0.754,-3.728,0.099
13.23,9.129,-0.747,-4.009,0.118
13.24,9.003,-0.739,-4.286,0.136
13.25,8.868,-0.732,-4.559,0.155
13.26,8.725,-0.722,-4.827,0.174
13.27,8.574,-0.713,-5.092,0.192
13.28,8.415,-0.702,-5.351,0.21
13.29,8.248,-0.691,-5.606,0.228
13.3,8.073,-0.679,-5.856,0.245
13.31,7.891,-0.666,-6.1,0.262
13.32,7.701,-0.654,-6.339,0.279
13.33,7.504,-0.64,-6.571,0.296
13.34,7.3,-0.625,-6.797,0.312
13.35,7.09,-0.61,-7.017,0.328
13.36,6.873,-0.595,-7.23,0.345
13.37,6.65,-0.578,-7.437,0.36
13.38,6.42,-0.562,-7.636,0.375
13.39,6.184,-0.545,-7.829,0.391
13.4,5.943,-0.526,-8.014,0.405
13.41,5.697,-0.508,-8.191,0.42
13.42,5.445,-0.49,-8.361,0.434
13.43,5.189,-0.471,-8.523,0.448
13.44,4.927,-0.451,-8.677,0.461
13.45,4.661,-0.433,-8.823,0.474
13.46,4.391,-0.413,-8.961,0.486
13.47,4.117,-0.393,-9.09,0.498
13.48,3.84,-0.373,-9.211,0.511
13.49,3.559,-0.352,-9.323,0.523
13.5,3.275,-0.332,-9.427,0.534
13.51,2.988,-0.311,-9.522,0.545
13.52,2.698,-0.289,-9.608,0.557
13.53,2.406,-0.268,-9.685,0.567
13.54,2.112,-0.246,-9.754,0.578
13.55,1.816,-0.223,-9.813,0.588
13.56,1.518,-0.201,-9.863,0.597
13.57,1.219,-0.179,-9.905,0.605
13.58,0.919,-0.156,-9.937,0.613
13.59,0.618,-0.134,-9.96,0.621
13.6,0.316,-0.111,-9.974,0.628
13.61,0.014,-0.087,-9.979,0.634
13.62,-0.287,-0.064,-9.975,0.64
13.63,-0.589,-0.041,-9.961,0.645
13.64,-0.889,-0.018,-9.939,0.65
13.65,-1.189,0.005,-9.907,0.653
13.66,-1.487,0.028,-9.866,0.656
13.67,-1.784,0.052,-9.817,0.658
13.68,-2.079,0.075,-9.758,0.66
13.69,-2.372,0.098,-9.691,0.661
13.7,-2.663,0.121,-9.615,0.661
13.71,-2.952,0.145,-9.53,0.661
13.72,-3.238,0.168,-9.436,0.66
13.73,-3.522,0.191,-9.333,0.658
13.74,-3.802,0.214,-9.223,0.657
13.75,-4.078,0.237,-9.103,0.655
13.76,-4.351,0.259,-8.976,0.651
13.77,-4.62,0.282,-8.84,0.648
13.78,-4.885,0.304,-8.696,0.643
13.79,-5.146,0.326,-8.544,0.639
13.8,-5.401,0.348,-8.384,0.634
13.81,-5.652,0.37,-8.217,0.627
13.82,-5.897,0.391,-8.042,0.621
13.83,-6.136,0.412,-7.86,0.614
13.84,-6.371,0.433,-7.671,0.607
13.85,-6.599,0.453,-7.475,0.599
13.86,-6.821,0.474,-7.272,0.591
13.87,-7.037,0.493,-7.063,0.582
13.88,-7.246,0.512,-6.847,0.573
13.89,-7.449,0.532,-6.625,0.563
13.9,-7.645,0.551,-6.397,0.553
13.91,-7.834,0.569,-6.164,0.542
13.92,-8.016,0.587,-5.925,0.53
13.93,-8.19,0.605,-5.681,0.519
13.94,-8.357,0.621,-5.432,0.507
13.95,-8.517,0.638,-5.177,0.494
13.96,-8.669,0.655,-4.917,0.481
13.97,-8.812,0.67,-4.654,0.468
13.98,-8.948,0.686,-4.387,0.453
13.99,-9.076,0.701,-4.115,0.439
14.0,-9.195,0.716,-3.84,0.424
14.01,-9.306,0.73,-3.562,0.408
14.02,-9.408,0.743,-3.28,0.392
14.03,-9.502,0.756,-2.996,0.376
14.04,-9.588,0.767,-2.709,0.359
14.05,-9.665,0.778,-2.42,0.342
14.06,-9.733,0.789,-2.129,0.325
14.07,-9.792,0.799,-1.836,0.307
14.08,-9.842,0.809,-1.541,0.289
14.09,-9.884,0.818,-1.245,0.271
14.1,-9.917,0.827,-0.948,0.252
14.11,-9.94,0.835,-0.651,0.234
14.12,-9.955,0.841,-0.354,0.214
14.13,-9.961,0.847,-0.057,0.195
14.14,-9.959,0.853,0.239,0.176
14.15,-9.947,0.857,0.536,0.156
14.16,-9.927,0.86,0.833,0.136
14.17,-9.897,0.863,1.128,0.117
14.18,-9.859,0.864,1.422,0.096
14.19,-9.813,0.865,1.714,0.076
14.2,-9.758,0.865,2.005,0.056
14.21,-9.695,0.864,2.293,0.036
14.22,-9.623,0.863,2.578,0.015
14.23,-9.542,0.86,2.862,-0.004
14.24,-9.454,0.856,3.142,-0.025
14.25,-9.357,0.853,3.42,-0.044
14.26,-9.253,0.848,3.694,-0.065
14.27,-9.141,0.842,3.965,-0.085
14.28,-9.02,0.836,4.232,-0.105
14.29,-8.892,0.829,4.495,-0.125
14.3,-8.757,0.82,4.754,-0.145
14.31,-8.614,0.811,5.01,-0.165
14.32,-8.463,0.802,5.261,-0.184
14.33,-8.306,0.791,5.507,-0.204
14.34,-8.142,0.78,5.748,-0.223
14.35,-7.971,0.769,5.984,-0.242
14.36,-7.792,0.756,6.215,-0.261
14.37,-7.608,0.743,6.44,-0.28
14.38,-7.417,0.729,6.66,-0.298
14.39,-7.22,0.715,6.873,-0.317
14.4,-7.017,0.699,7.081,-0.336
14.41,-6.809,0.684,7.283,-0.354
14.42,-6.594,0.667,7.478,-0.371
14.43,-6.374,0.65,7.667,-0.389
14.44,-6.149,0.633,7.849,-0.407
14.45,-5.919,0.615,8.025,-0.423
14.46,-5.684,0.596,8.193,-0.44
14.47,-5.443,0.577,8.355,-0.457
14.48,-5.198,0.557,8.511,-0.472
14.49,-4.949,0.537,8.658,-0.488
14.5,-4.696,0.517,8.798,-0.504
14.51,-4.439,0.496,8.931,-0.518
14.52,-4.178,0.474,9.056,-0.533
14.53,-3.915,0.452,9.174,-0.547
14.54,-3.647,0.43,9.284,-0.561
14.55,-3.377,0.407,9.385,-0.574
14.56,-3.104,0.384,9.479,-0.587
14.57,-2.829,0.361,9.565,-0.6
14.58,-2.551,0.338,9.643,-0.612
14.59,-2.271,0.314,9.713,-0.623
14.6,-1.99,0.291,9.775,-0.634
14.61,-1.707,0.267,9.828,-0.645
14.62,-1.423,0.242,9.873,-0.655
14.63,-1.138,0.218,9.91,-0.664
14.64,-0.852,0.194,9.938,-0.674
14.65,-0.566,0.169,9.959,-0.682
14.66,-0.279,0.145,9.971,-0.69
14.67,0.007,0.12,9.974,-0.698
14.68,0.293,0.095,9.97,-0.706
14.69,0.58,0.07,9.957,-0.712
14.7,0.866,0.045,9.936,-0.719
14.71,1.151,0.02,9.906,-0.726
14.72,1.434,-0.004,9.869,-0.731
14.73,1.716,-0.029,9.823,-0.737
14.74,1.996,-0.054,9.77,-0.741
14.75,2.274,-0.079,9.708,-0.746
14.76,2.55,-0.104,9.639,-0.749
14.77,2.824,-0.129,9.562,-0.752
14.78,3.095,-0.154,9.477,-0.755
14.79,3.363,-0.179,9.385,-0.757
14.8,3.628,-0.203,9.285,-0.758
14.81,3.89,-0.228,9.178,-0.758
14.82,4.149,-0.253,9.063,-0.758
14.83,4.404,-0.277,8.941,-0.757
14.84,4.656,-0.301,8.812,-0.755
14.85,4.904,-0.325,8.675,-0.754
14.86,5.148,-0.349,8.532,-0.751
14.87,5.388,-0.371,8.382,-0.747
14.88,5.623,-0.394,8.226,-0.743
14.89,5.854,-0.417,8.062,-0.738
14.9,6.08,-0.439,7.893,-0.733
14.91,6.301,-0.461,7.717,-0.727
14.92,6.516,-0.482,7.535,-0.72
14.93,6.726,-0.503,7.347,-0.712
14.94,6.931,-0.524,7.154,-0.704
14.95,7.13,-0.544,6.955,-0.695
14.96,7.323,-0.564,6.75,-0.685
14.97,7.51,-0.583,6.541,-0.675
14.98,7.692,-0.602,6.326,-0.664
14.99,7.867,-0.621,6.106,-0.653
15.0,8.035,-0.639,5.882,-0.641
15.01,8.198,-0.657,5.653,-0.628
15.02,8.353,-0.674,5.42,-0.615
15.03,8.502,-0.69,5.182,-0.602
15.04,8.644,-0.707,4.941,-0.588
15.05,8.78,-0.722,4.696,-0.573
15.06,8.908,-0.738,4.447,-0.558
15.07,9.029,-0.753,4.195,-0.543
15.08,9.144,-0.768,3.939,-0.526
15.09,9.25,-0.782,3.68,-0.51
15.1,9.35,-0.795,3.419,-0.493
15.11,9.442,-0.808,3.155,-0.476
15.12,9.526,-0.82,2.89,-0.458
15.13,9.604,-0.832,2.622,-0.439
15.14,9.673,-0.844,2.351,-0.421
15.15,9.735,-0.855,2.079,-0.402
15.16,9.79,-0.865,1.804,-0.382
15.17,9.836,-0.875,1.53,-0.362
15.18,9.875,-0.883,1.254,-0.343
15.19,9.906,-0.892,0.977,-0.322
15.2,9.93,-0.9,0.7,-0.302
15.21,9.945,-0.907,0.422,-0.282
15.22,9.953,-0.914,0.144,-0.261
15.23,9.953,-0.92,-0.133,-0.24
15.24,9.946,-0.925,-0.411,-0.219
15.25,9.93,-0.93,-0.688,-0.198
15.26,9.907,-0.934,-0.965,-0.177
15.27,9.877,-0.937,-1.24,-0.155
15.28,9.838,-0.94,-1.514,-0.134
15.29,9.793,-0.942,-1.787,-0.113
15.3,9.739,-0.943,-2.059,-0.091
15.31,9.678,-0.943,-2.328,-0.069
15.32,9.61,-0.943,-2.597,-0.048
15.33,9.534,-0.943,-2.863,-0.026
15.34,9.451,-0.942,-3.126,-0.005
15.35,9.361,-0.94,-3.387,0.016
15.36,9.264,-0.938,-3.645,0.038
15.37,9.16,-0.935,-3.9,0.059
15.38,9.048,-0.932,-4.152,0.081
15.39,8.93,-0.928,-4.401,0.102
15.4,8.806,-0.923,-4.646,0.124
15.41,8.674,-0.918,-4.887,0.145
15.42,8.536,-0.912,-5.125,0.166
15.43,8.391,-0.906,-5.359,0.187
15.44,8.24,-0.9,-5.589,0.209
15.45,8.083,-0.893,-5.814,0.23
15.46,7.92,-0.884,-6.035,0.252
15.47,7.75,-0.876,-6.251,0.273
15.48,7.575,-0.866,-6.462,0.295
15.49,7.395,-0.855,-6.669,0.316
15.5,7.209,-0.844,-6.87,0.338
15.51,7.017,-0.832,-7.066,0.359
15.52,6.82,-0.82,-7.256,0.38
15.53,6.618,-0.807,-7.441,0.401
15.54,6.411,-0.793,-7.621,0.422
15.55,6.2,-0.778,-7.794,0.442
15.56,5.984,-0.763,-7.961,0.462
15.57,5.763,-0.748,-8.123,0.482
15.58,5.538,-0.731,-8.278,0.502
15.59,5.31,-0.714,-8.427,0.522
15.6,5.077,-0.697,-8.569,0.54
15.61,4.841,-0.678,-8.705,0.559
15.62,4.602,-0.659,-8.834,0.577
15.63,4.359,-0.64,-8.957,0.595
15.64,4.113,-0.62,-9.073,0.612
15.65,3.864,-0.599,-9.182,0.629
15.66,3.612,-0.579,-9.284,0.645
15.67,3.358,-0.558,-9.379,0.661
15.68,3.102,-0.537,-9.467,0.677
15.69,2.843,-0.515,-9.548,0.692
15.7,2.583,-0.492,-9.622,0.706
15.71,2.32,-0.469,-9.688,0.72
15.72,2.056,-0.446,-9.748,0.733
15.73,1.791,-0.422,-9.8,0.747
15.74,1.525,-0.398,-9.845,0.76
15.75,1.257,-0.374,-9.883,0.772
15.76,0.989,-0.349,-9.913,0.783
15.77,0.72,-0.324,-9.936,0.794
15.78,0.451,-0.298,-9.952,0.805
15.79,0.182,-0.272,-9.961,0.815
15.8,-0.086,-0.246,-9.962,0.825
15.81,-0.354,-0.22,-9.956,0.834
15.82,-0.623,-0.193,-9.943,0.842
15.83,-0.891,-0.166,-9.922,0.849
15.84,-1.157,-0.139,-9.894,0.856
15.85,-1.423,-0.111,-9.859,0.862
15.86,-1.688,-0.084,-9.817,0.868
15.87,-1.95,-0.056,-9.768,0.873
15.88,-2.212,-0.028,-9.712,0.879
15.89,-2.471,0.0,-9.649,0.883
15.9,-2.729,0.027,-9.579,0.886
15.91,-2.984,0.055,-9.502,0.889
15.92,-3.236,0.083,-9.419,0.892
15.93,-3.486,0.111,-9.329,0.893
15.94,-3.733,0.139,-9.232,0.895
15.95,-3.977,0.167,-9.129,0.896
15.96,-4.218,0.194,-9.02,0.896
15.97,-4.455,0.222,-8.904,0.895
15.98,-4.689,0.25,-8.783,0.895
15.99,-4.919,0.277,-8.655,0.893
16.0,-5.146,0.304,-8.522,0.892
16.01,-5.369,0.332,-8.382,0.889
16.02,-5.588,0.359,-8.237,0.886
16.03,-5.803,0.385,-8.086,0.883
16.04,-6.013,0.412,-7.93,0.879
16.05,-6.22,0.438,-7.768,0.874
16.06,-6.421,0.464,-7.601,0.87
16.07,-6.618,0.489,-7.429,0.864
16.08,-6.811,0.515,-7.253,0.858
16.09,-6.998,0.54,-7.071,0.851
16.1,-7.18,0.564,-6.885,0.844
16.11,-7.358,0.589,-6.694,0.836
16.12,-7.529,0.613,-6.499,0.827
16.13,-7.696,0.637,-6.299,0.818
16.14,-7.858,0.66,-6.095,0.808
16.15,-8.014,0.684,-5.888,0.798
16.16,-8.164,0.706,-5.676,0.787
16.17,-8.309,0.728,-5.461,0.776
16.18,-8.448,0.75,-5.242,0.764
16.19,-8.58,0.771,-5.02,0.751
16.2,-8.707,0.792,-4.795,0.738
16.21,-8.829,0.812,-4.567,0.724
16.22,-8.944,0.832,-4.336,0.71
16.23,-9.053,0.851,-4.102,0.695
16.24,-9.155,0.87,-3.866,0.68
16.25,-9.252,0.888,-3.627,0.664
16.26,-9.343,0.906,-3.386,0.647
16.27,-9.427,0.924,-3.142,0.63
16.28,-9.504,0.94,-2.897,0.613
16.29,-9.576,0.956,-2.65,0.595
16.3,-9.641,0.972,-2.401,0.577
16.31,-9.699,0.986,-2.151,0.557
16.32,-9.751,1.0,-1.9,0.538
16.33,-9.797,1.014,-1.647,0.518
16.34,-9.836,1.027,-1.394,0.497
16.35,-9.868,1.039,-1.139,0.476
16.36,-9.894,1.051,-0.884,0.455
16.37,-9.914,1.061,-0.629,0.433
16.38,-9.926,1.071,-0.373,0.41
16.39,-9.933,1.081,-0.118,0.388
16.4,-9.932,1.089,0.137,0.364
16.41,-9.925,1.097,0.392,0.341
16.42,-9.912,1.104,0.646,0.317
16.43,-9.892,1.111,0.901,0.292
16.44,-9.866,1.116,1.154,0.268
16.45,-9.833,1.121,1.406,0.243
16.46,-9.794,1.126,1.657,0.217
16.47,-9.749,1.129,1.907,0.192
16.48,-9.697,1.131,2.156,0.166
16.49,-9.639,1.133,2.403,0.139
16.5,-9.575,1.134,2.649,0.113
16.51,-9.504,1.134,2.892,0.087
16.52,-9.428,1.133,3.133,0.06
16.53,-9.345,1.131,3.372,0.033
16.54,-9.257,1.128,3.608,0.006
16.55,-9.163,1.125,3.842,-0.02
16.56,-9.063,1.121,4.073,-0.047
16.57,-8.957,1.116,4.301,-0.073
16.58,-8.846,1.11,4.527,-0.1
16.59,-8.729,1.104,4.749,-0.127
16.6,-8.606,1.097,4.969,-0.153
16.61,-8.478,1.089,5.185,-0.18
16.62,-8.345,1.08,5.397,-0.206
16.63,-8.207,1.071,5.606,-0.232
16.64,-8.064,1.061,5.811,-0.258
16.65,-7.915,1.05,6.013,-0.283
16.66,-7.761,1.039,6.211,-0.309
16.67,-7.603,1.027,6.404,-0.334
16.68,-7.44,1.015,6.594,-0.359
16.69,-7.272,1.002,6.779,-0.384
16.7,-7.099,0.988,6.96,-0.409
16.71,-6.922,0.974,7.137,-0.433
16.72,-6.741,0.959,7.308,-0.457
16.73,-6.556,0.944,7.475,-0.481
16.74,-6.367,0.928,7.637,-0.505
16.75,-6.174,0.911,7.795,-0.527
16.76,-5.977,0.894,7.947,-0.55
16.77,-5.777,0.877,8.094,-0.573
16.78,-5.573,0.859,8.236,-0.595
16.79,-5.365,0.84,8.374,-0.617
16.8,-5.153,0.821,8.506,-0.638
16.81,-4.939,0.802,8.632,-0.659
16.82,-4.721,0.782,8.753,-0.679
16.83,-4.501,0.762,8.869,-0.699
16.84,-4.277,0.741,8.979,-0.719
16.85,-4.052,0.72,9.083,-0.738
16.86,-3.824,0.699,9.182,-0.757
16.87,-3.594,0.677,9.274,-0.775
16.88,-3.361,0.655,9.361,-0.793
16.89,-3.128,0.632,9.442,-0.81
16.9,-2.892,0.609,9.517,-0.827
16.91,-2.655,0.586,9.586,-0.844
16.92,-2.417,0.563,9.648,-0.86
16.93,-2.177,0.539,9.705,-0.876
16.94,-1.936,0.515,9.756,-0.892
16.95,-1.695,0.49,9.801,-0.907
16.96,-1.452,0.466,9.839,-0.921
16.97,-1.209,0.44,9.872,-0.935
16.98,-0.965,0.415,9.899,-0.949
16.99,-0.721,0.389,9.919,-0.962
17.0,-0.477,0.363,9.934,-0.975
17.01,-0.232,0.336,9.942,-0.987
17.02,0.011,0.31,9.945,-0.998
17.03,0.255,0.283,9.941,-1.009
17.04,0.499,0.256,9.931,-1.02
17.05,0.742,0.228,9.916,-1.03
17.06,0.984,0.2,9.894,-1.04
17.07,1.226,0.172,9.867,-1.049
17.08,1.466,0.144,9.834,-1.058
17.09,1.705,0.116,9.794,-1.066
17.1,1.943,0.087,9.75,-1.073
17.11,2.179,0.059,9.699,-1.08
17.12,2.415,0.03,9.642,-1.086
17.13,2.648,0.001,9.58,-1.091
17.14,2.88,-0.027,9.513,-1.096
17.15,3.11,-0.057,9.439,-1.1
17.16,3.337,-0.086,9.361,-1.104
17.17,3.563,-0.116,9.276,-1.107
17.18,3.787,-0.146,9.187,-1.109
17.19,4.007,-0.175,9.092,-1.111
17.2,4.226,-0.205,8.992,-1.112
17.21,4.441,-0.235,8.886,-1.112
17.22,4.654,-0.264,8.776,-1.112
17.23,4.864,-0.294,8.66,-1.11
17.24,5.072,-0.324,8.54,-1.109
17.25,5.275,-0.354,8.415,-1.106
17.26,5.476,-0.384,8.284,-1.103
17.27,5.674,-0.413,8.15,-1.099
17.28,5.867,-0.443,8.01,-1.094
17.29,6.058,-0.472,7.866,-1.089
17.3,6.244,-0.501,7.718,-1.083
17.31,6.427,-0.53,7.566,-1.076
17.32,6.606,-0.559,7.409,-1.069
17.33,6.781,-0.587,7.248,-1.061
17.34,6.951,-0.615,7.084,-1.052
17.35,7.118,-0.643,6.915,-1.042
17.36,7.281,-0.67,6.742,-1.032
17.37,7.439,-0.698,6.567,-1.021
17.38,7.592,-0.724,6.387,-1.01
17.39,7.742,-0.751,6.204,-0.998
17.4,7.886,-0.777,6.018,-0.985
17.41,8.027,-0.802,5.828,-0.972
17.42,8.162,-0.828,5.636,-0.958
17.43,8.293,-0.852,5.44,-0.943
17.44,8.419,-0.877,5.241,-0.928
17.45,8.54,-0.9,5.04,-0.913
17.46,8.657,-0.924,4.836,-0.896
17.47,8.768,-0.947,4.629,-0.879
17.48,8.875,-0.969,4.42,-0.862
17.49,8.976,-0.991,4.209,-0.844
17.5,9.073,-1.012,3.996,-0.825
17.51,9.164,-1.032,3.78,-0.806
17.52,9.25,-1.053,3.563,-0.787
17.53,9.331,-1.072,3.345,-0.767
17.54,9.406,-1.091,3.125,-0.747
17.55,9.476,-1.109,2.903,-0.726
17.56,9.542,-1.126,2.679,-0.705
17.57,9.601,-1.144,2.455,-0.684
17.58,9.656,-1.16,2.229,-0.662
17.59,9.705,-1.175,2.003,-0.64
17.6,9.749,-1.19,1.776,-0.618
17.61,9.787,-1.205,1.548,-0.595
17.62,9.82,-1.219,1.32,-0.573
17.63,9.848,-1.232,1.091,-0.55
17.64,9.87,-1.244,0.862,-0.526
17.65,9.887,-1.256,0.632,-0.503
17.66,9.899,-1.268,0.402,-0.479
17.67,9.905,-1.279,0.172,-0.455
17.68,9.906,-1.289,-0.056,-0.431
17.69,9.902,-1.299,-0.286,-0.407
17.7,9.893,-1.308,-0.514,-0.382
17.71,9.878,-1.316,-0.742,-0.357
17.72,9.858,-1.324,-0.969,-0.332
17.73,9.833,-1.33,-1.196,-0.307
17.74,9.803,-1.337,-1.422,-0.282
17.75,9.768,-1.342,-1.646,-0.257
17.76,9.727,-1.347,-1.87,-0.232
17.77,9.682,-1.352,-2.092,-0.206
17.78,9.631,-1.355,-2.313,-0.181
17.79,9.576,-1.359,-2.533,-0.156
17.8,9.516,-1.361,-2.751,-0.13
17.81,9.451,-1.363,-2.967,-0.105
17.82,9.381,-1.365,-3.182,-0.079
17.83,9.306,-1.366,-3.394,-0.054
17.84,9.226,-1.366,-3.605,-0.028
17.85,9.142,-1.365,-3.813,-0.002
17.86,9.054,-1.364,-4.019,0.022
17.87,8.961,-1.363,-4.222,0.048
17.88,8.864,-1.361,-4.423,0.074
17.89,8.762,-1.358,-4.621,0.1
17.9,8.657,-1.355,-4.816,0.126
17.91,8.547,-1.351,-5.009,0.152
17.92,8.433,-1.346,-5.199,0.178
17.93,8.315,-1.341,-5.386,0.204
17.94,8.193,-1.335,-5.569,0.23
17.95,8.068,-1.329,-5.75,0.256
17.96,7.939,-1.322,-5.928,0.281
17.97,7.806,-1.314,-6.102,0.307
17.98,7.669,-1.306,-6.273,0.333
17.99,7.529,-1.297,-6.441,0.358
18.0,7.385,-1.288,-6.606,0.383
18.01,7.239,-1.278,-6.767,0.408
18.02,7.089,-1.267,-6.924,0.433
18.03,6.936,-1.256,-7.078,0.458
18.04,6.779,-1.245,-7.228,0.482
18.05,6.62,-1.233,-7.374,0.506
18.06,6.458,-1.22,-7.517,0.531
18.07,6.293,-1.206,-7.656,0.554
18.08,6.126,-1.192,-7.791,0.578
18.09,5.955,-1.178,-7.923,0.602
18.1,5.783,-1.162,-8.05,0.625
18.11,5.607,-1.147,-8.174,0.647
18.12,5.43,-1.131,-8.293,0.67
18.13,5.25,-1.114,-8.408,0.692
18.14,5.068,-1.097,-8.52,0.714
18.15,4.884,-1.08,-8.627,0.736
18.16,4.698,-1.062,-8.73,0.757
18.17,4.511,-1.044,-8.829,0.778
18.18,4.321,-1.025,-8.923,0.799
18.19,4.13,-1.006,-9.013,0.82
18.2,3.938,-0.986,-9.1,0.84
18.21,3.743,-0.966,-9.181,0.86
18.22,3.548,-0.946,-9.259,0.88
18.23,3.351,-0.925,-9.332,0.899
18.24,3.153,-0.904,-9.401,0.918
18.25,2.954,-0.882,-9.466,0.936
18.26,2.754,-0.86,-9.526,0.954
18.27,2.553,-0.838,-9.582,0.972
18.28,2.351,-0.815,-9.634,0.99
18.29,2.148,-0.792,-9.681,1.007
18.3,1.945,-0.768,-9.724,1.024
18.31,1.742,-0.744,-9.763,1.04
18.32,1.537,-0.719,-9.798,1.056
18.33,1.333,-0.694,-9.828,1.071
18.34,1.128,-0.669,-9.853,1.086
18.35,0.924,-0.644,-9.875,1.101
18.36,0.719,-0.618,-9.892,1.116
18.37,0.515,-0.592,-9.904,1.13
18.38,0.31,-0.565,-9.913,1.143
18.39,0.106,-0.539,-9.917,1.157
18.4,-0.097,-0.512,-9.917,1.17
18.41,-0.301,-0.485,-9.913,1.182
18.42,-0.504,-0.457,-9.905,1.194
18.43,-0.706,-0.43,-9.892,1.205
18.44,-0.908,-0.402,-9.875,1.216
18.45,-1.108,-0.375,-9.855,1.227
18.46,-1.307,-0.347,-9.83,1.237
18.47,-1.504,-0.319,-9.801,1.247
18.48,-1.701,-0.29,-9.769,1.256
18.49,-1.896,-0.262,-9.733,1.264
18.5,-2.09,-0.234,-9.692,1.273
18.51,-2.282,-0.205,-9.649,1.281
18.52,-2.472,-0.177,-9.601,1.288
18.53,-2.661,-0.148,-9.55,1.295
18.54,-2.847,-0.12,-9.496,1.302
18.55,-3.031,-0.092,-9.438,1.308
18.56,-3.212,-0.063,-9.378,1.314
18.57,-3.391,-0.035,-9.314,1.319
18.58,-3.568,-0.006,-9.247,1.324
18.59,-3.742,0.021,-9.177,1.329
18.6,-3.913,0.049,-9.104,1.334
18.61,-4.083,0.078,-9.029,1.337
18.62,-4.25,0.106,-8.951,1.341
18.63,-4.415,0.135,-8.87,1.344
18.64,-4.577,0.163,-8.786,1.347
18.65,-4.738,0.191,-8.7,1.349
18.66,-4.896,0.22,-8.61,1.351
18.67,-5.052,0.248,-8.519,1.352
18.68,-5.206,0.276,-8.425,1.353
18.69,-5.357,0.304,-8.328,1.354
18.7,-5.506,0.332,-8.229,1.354
18.71,-5.654,0.36,-8.128,1.353
18.72,-5.798,0.388,-8.024,1.353
18.73,-5.94,0.416,-7.918,1.352
18.74,-6.08,0.444,-7.81,1.35
18.75,-6.217,0.472,-7.7,1.349
18.76,-6.351,0.499,-7.588,1.346
18.77,-6.484,0.526,-7.474,1.344
18.78,-6.614,0.553,-7.358,1.341
18.79,-6.741,0.58,-7.24,1.337
18.8,-6.866,0.607,-7.12,1.334
18.81,-6.989,0.633,-6.998,1.329
18.82,-7.109,0.659,-6.874,1.325
18.83,-7.226,0.685,-6.749,1.32
18.84,-7.341,0.711,-6.622,1.314
18.85,-7.454,0.736,-6.494,1.309
18.86,-7.564,0.761,-6.364,1.302
18.87,-7.671,0.786,-6.232,1.296
18.88,-7.776,0.811,-6.099,1.289
18.89,-7.879,0.835,-5.964,1.281
18.9,-7.978,0.859,-5.828,1.273
18.91,-8.076,0.884,-5.691,1.265
18.92,-8.17,0.907,-5.552,1.257
18.93,-8.263,0.931,-5.412,1.248
18.94,-8.352,0.954,-5.27,1.239
18.95,-8.44,0.977,-5.128,1.229
18.96,-8.524,0.999,-4.984,1.219
18.97,-8.606,1.022,-4.839,1.208
18.98,-8.685,1.044,-4.693,1.197
18.99,-8.762,1.066,-4.547,1.186
19.0,-8.836,1.087,-4.399,1.175
19.01,-8.907,1.108,-4.25,1.163
19.02,-8.976,1.129,-4.101,1.15
19.03,-9.042,1.149,-3.951,1.138
19.04,-9.106,1.169,-3.8,1.125
19.05,-9.167,1.189,-3.648,1.111
19.06,-9.225,1.208,-3.496,1.098
19.07,-9.28,1.228,-3.343,1.084
19.08,-9.333,1.246,-3.19,1.07
19.09,-9.384,1.265,-3.037,1.055
19.1,-9.431,1.283,-2.883,1.04
19.11,-9.476,1.3,-2.729,1.025
19.12,-9.518,1.317,-2.575,1.01
19.13,-9.558,1.334,-2.42,0.995
19.14,-9.595,1.351,-2.267,0.979
19.15,-9.629,1.367,-2.113,0.964
19.16,-9.661,1.382,-1.961,0.948
19.17,-9.69,1.398,-1.809,0.932
19.18,-9.716,1.413,-1.656,0.916
19.19,-9.74,1.428,-1.504,0.899
19.2,-9.762,1.442,-1.352,0.883
19.21,-9.781,1.456,-1.201,0.866
19.22,-9.798,1.47,-1.05,0.849
19.23,-9.812,1.483,-0.9,0.832
19.24,-9.824,1.496,-0.75,0.815
19.25,-9.834,1.509,-0.6,0.798
19.26,-9.842,1.522,-0.452,0.781
19.27,-9.847,1.534,-0.304,0.763
19.28,-9.85,1.547,-0.156,0.746
19.29,-9.85,1.558,-0.009,0.728
19.3,-9.849,1.57,0.136,0.71
19.31,-9.845,1.581,0.281,0.693
19.32,-9.839,1.592,0.425,0.675
19.33,-9.832,1.603,0.567,0.657
19.34,-9.822,1.613,0.708,0.64
19.35,-9.81,1.623,0.849,0.622
19.36,-9.797,1.634,0.988,0.604
19.37,-9.781,1.643,1.126,0.587
19.38,-9.764,1.652,1.264,0.569
19.39,-9.745,1.662,1.4,0.551
19.4,-9.724,1.671,1.536,0.533
19.41,-9.701,1.68,1.67,0.515
19.42,-9.677,1.688,1.804,0.497
19.43,-9.65,1.697,1.936,0.479
19.44,-9.622,1.705,2.067,0.461
19.45,-9.593,1.714,2.198,0.444
19.46,-9.562,1.722,2.327,0.426
19.47,-9.529,1.73,2.455,0.408
19.48,-9.495,1.737,2.582,0.389
19.49,-9.459,1.745,2.708,0.371
19.5,-9.421,1.752,2.833,0.353
19.51,-9.383,1.759,2.958,0.334
19.52,-9.342,1.766,3.081,0.315
19.53,-9.3,1.772,3.204,0.296
19.54,-9.257,1.778,3.326,0.277
19.55,-9.212,1.784,3.447,0.258
19.56,-9.165,1.79,3.566,0.239
19.57,-9.118,1.796,3.685,0.22
19.58,-9.068,1.801,3.803,0.2
19.59,-9.018,1.806,3.92,0.181
19.6,-8.966,1.811,4.036,0.161
19.61,-8.913,1.815,4.151,0.141
19.62,-8.859,1.82,4.264,0.121
19.63,-8.803,1.824,4.377,0.102
19.64,-8.746,1.828,4.488,0.082
19.65,-8.688,1.831,4.598,0.062
19.66,-8.629,1.835,4.707,0.042
19.67,-8.569,1.838,4.814,0.022
19.68,-8.508,1.841,4.921,0.001
19.69,-8.445,1.843,5.026,-0.018
19.7,-8.382,1.846,5.13,-0.038
19.71,-8.318,1.848,5.232,-0.058
19.72,-8.253,1.85,5.333,-0.078
19.73,-8.187,1.851,5.433,-0.098
19.74,-8.121,1.852,5.531,-0.119
19.75,-8.054,1.854,5.628,-0.139
19.76,-7.986,1.854,5.723,-0.159
19.77,-7.917,1.855,5.817,-0.179
19.78,-7.848,1.855,5.909,-0.199
19.79,-7.778,1.855,5.999,-0.219
19.8,-7.708,1.855,6.088,-0.239
19.81,-7.638,1.854,6.176,-0.259
19.82,-7.567,1.853,6.262,-0.279
19.83,-7.495,1.852,6.347,-0.299
19.84,-7.423,1.85,6.431,-0.319
19.85,-7.351,1.849,6.513,-0.339
19.86,-7.278,1.847,6.593,-0.359
19.87,-7.205,1.845,6.672,-0.378
19.88,-7.132,1.842,6.75,-0.398
19.89,-7.059,1.84,6.826,-0.417
19.9,-6.986,1.837,6.9,-0.437
19.91,-6.913,1.834,6.973,-0.456
19.92,-6.84,1.83,7.045,-0.475
19.93,-6.766,1.827,7.115,-0.493
19.94,-6.693,1.823,7.183,-0.512
19.95,-6.62,1.819,7.25,-0.531
19.96,-6.547,1.815,7.316,-0.549
19.97,-6.474,1.811,7.381,-0.567
19.98,-6.401,1.806,7.444,-0.585
19.99,-6.328,1.802,7.506,-0.603
20.0,-6.255,1.797,7.566,-0.62
20.01,-6.182,1.793,7.625,-0.637
20.02,-6.109,1.788,7.683,-0.654
20.03,-6.037,1.783,7.74,-0.672
20.04,-5.964,1.778,7.796,-0.689
20.05,-5.891,1.773,7.851,-0.705
20.06,-5.818,1.768,7.905,-0.722
20.07,-5.744,1.762,7.958,-0.738
20.08,-5.671,1.757,8.01,-0.755
20.09,-5.598,1.752,8.061,-0.771
20.1,-5.525,1.747,8.111,-0.787
20.11,-5.453,1.741,8.159,-0.803
20.12,-5.382,1.736,8.206,-0.818
20.13,-5.311,1.73,8.252,-0.833
20.14,-5.24,1.725,8.296,-0.848
20.15,-5.17,1.719,8.34,-0.863
20.16,-5.1,1.713,8.383,-0.878
20.17,-5.03,1.708,8.424,-0.892
20.18,-4.961,1.702,8.465,-0.907
20.19,-4.892,1.696,8.504,-0.921
20.2,-4.824,1.69,8.543,-0.935
20.21,-4.756,1.684,8.581,-0.949
20.22,-4.688,1.678,8.618,-0.962
20.23,-4.62,1.672,8.654,-0.976
20.24,-4.553,1.666,8.689,-0.989
20.25,-4.486,1.66,8.723,-1.003
20.26,-4.419,1.654,8.757,-1.016
20.27,-4.353,1.647,8.79,-1.029
20.28,-4.286,1.641,8.822,-1.042
20.29,-4.22,1.635,8.854,-1.056
20.3,-4.154,1.629,8.885,-1.069
20.31,-4.088,1.622,8.915,-1.082
20.32,-4.022,1.616,8.944,-1.095
20.33,-3.957,1.61,8.973,-1.108
20.34,-3.892,1.603,9.001,-1.121
20.35,-3.827,1.597,9.028,-1.134
20.36,-3.763,1.591,9.054,-1.147
20.37,-3.699,1.584,9.08,-1.159
20.38,-3.635,1.578,9.105,-1.172
20.39,-3.572,1.572,9.13,-1.185
20.4,-3.51,1.565,9.153,-1.198
20.41,-3.447,1.559,9.176,-1.21
20.42,-3.386,1.552,9.199,-1.223
20.43,-3.325,1.546,9.22,-1.236
20.44,-3.265,1.539,9.241,-1.248
20.45,-3.205,1.533,9.262,-1.261
20.46,-3.145,1.527,9.281,-1.273
20.47,-3.085,1.52,9.301,-1.285
20.48,-3.026,1.513,9.319,-1.298
20.49,-2.967,1.507,9.338,-1.31
20.5,-2.909,1.5,9.355,-1.322
20.51,-2.852,1.494,9.372,-1.335
20.52,-2.795,1.487,9.389,-1.347
20.53,-2.738,1.48,9.405,-1.358
20.54,-2.682,1.474,9.42,-1.37
20.55,-2.627,1.467,9.435,-1.382
20.56,-2.573,1.461,9.449,-1.394
20.57,-2.518,1.454,9.463,-1.405
20.58,-2.465,1.448,9.477,-1.417
20.59,-2.411,1.442,9.49,-1.428
20.6,-2.359,1.435,9.502,-1.439
20.61,-2.307,1.429,9.514,-1.451
20.62,-2.255,1.423,9.526,-1.462
20.63,-2.205,1.417,9.537,-1.473
20.64,-2.154,1.411,9.547,-1.483
20.65,-2.105,1.405,9.558,-1.494
20.66,-2.056,1.399,9.568,-1.504
20.67,-2.008,1.393,9.577,-1.515
20.68,-1.96,1.387,9.586,-1.525
20.69,-1.913,1.381,9.595,-1.535
20.7,-1.867,1.375,9.603,-1.545
20.71,-1.821,1.37,9.611,-1.555
20.72,-1.776,1.364,9.619,-1.565
20.73,-1.731,1.359,9.626,-1.575
20.74,-1.688,1.353,9.633,-1.584
20.75,-1.645,1.348,9.64,-1.594
20.76,-1.603,1.343,9.646,-1.603
20.77,-1.562,1.338,9.652,-1.612
20.78,-1.522,1.333,9.657,-1.621
20.79,-1.483,1.328,9.663,-1.63
20.8,-1.444,1.324,9.668,-1.639
20.81,-1.406,1.319,9.672,-1.647
20.82,-1.369,1.315,9.677,-1.656
20.83,-1.332,1.311,9.681,-1.664
20.84,-1.296,1.306,9.685,-1.672
20.85,-1.261,1.302,9.689,-1.68
20.86,-1.226,1.298,9.693,-1.688
20.87,-1.193,1.295,9.696,-1.695
20.88,-1.16,1.291,9.699,-1.703
20.89,-1.128,1.287,9.702,-1.71
20.9,-1.097,1.284,9.705,-1.717
20.91,-1.066,1.28,9.708,-1.724
20.92,-1.036,1.277,9.71,-1.731
20.93,-1.007,1.274,9.712,-1.738
20.94,-0.978,1.27,9.714,-1.745
20.95,-0.95,1.268,9.716,-1.752
20.96,-0.924,1.265,9.718,-1.758
20.97,-0.898,1.262,9.72,-1.764
20.98,-0.872,1.259,9.721,-1.77
20.99,-0.846,1.257,9.723,-1.777
21.0,-0.821,1.254,9.724,-1.783
21.01,-0.796,1.252,9.725,-1.789
21.02,-0.772,1.249,9.727,-1.795
21.03,-0.748,1.247,9.728,-1.802
21.04,-0.725,1.244,9.729,-1.808
21.05,-0.702,1.242,9.729,-1.814
21.06,-0.68,1.24,9.73,-1.82
21.07,-0.659,1.238,9.731,-1.826
21.08,-0.637,1.236,9.731,-1.832
21.09,-0.616,1.234,9.732,-1.838
21.1,-0.595,1.232,9.732,-1.844
21.11,-0.574,1.231,9.732,-1.85
21.12,-0.553,1.229,9.733,-1.856
21.13,-0.533,1.227,9.733,-1.862
21.14,-0.513,1.226,9.733,-1.868
21.15,-0.494,1.225,9.733,-1.874
21.16,-0.475,1.223,9.733,-1.879
21.17,-0.456,1.222,9.733,-1.885
21.18,-0.438,1.221,9.733,-1.891
21.19,-0.419,1.22,9.733,-1.897
21.2,-0.401,1.218,9.732,-1.903
21.21,-0.384,1.217,9.732,-1.909
21.22,-0.366,1.216,9.732,-1.915
21.23,-0.349,1.215,9.731,-1.921
21.24,-0.333,1.215,9.731,-1.927
21.25,-0.316,1.214,9.73,-1.933
21.26,-0.301,1.213,9.73,-1.939
21.27,-0.285,1.213,9.729,-1.944
21.28,-0.27,1.212,9.728,-1.95
21.29,-0.256,1.212,9.728,-1.956
21.3,-0.241,1.212,9.727,-1.962
21.31,-0.227,1.211,9.726,-1.968
21.32,-0.213,1.211,9.725,-1.974
21.33,-0.199,1.211,9.724,-1.98
21.34,-0.186,1.211,9.723,-1.986
21.35,-0.172,1.211,9.722,-1.992
21.36,-0.16,1.211,9.721,-1.997
21.37,-0.147,1.212,9.72,-2.003
21.38,-0.135,1.212,9.719,-2.009
21.39,-0.124,1.212,9.718,-2.015
21.4,-0.112,1.213,9.717,-2.021
21.41,-0.102,1.214,9.716,-2.027
21.42,-0.092,1.214,9.715,-2.032
21.43,-0.082,1.215,9.713,-2.038
21.44,-0.073,1.217,9.712,-2.044
21.45,-0.064,1.218,9.711,-2.049
21.46,-0.055,1.219,9.71,-2.055
21.47,-0.047,1.221,9.708,-2.06
21.48,-0.04,1.222,9.707,-2.065
21.49,-0.033,1.224,9.706,-2.07
21.5,-0.026,1.226,9.704,-2.075
21.51,-0.02,1.228,9.703,-2.08
21.52,-0.015,1.231,9.702,-2.085
21.53,-0.01,1.233,9.7,-2.09
21.54,-0.006,1.236,9.699,-2.094
21.55,-0.002,1.238,9.698,-2.099
21.56,0.0,1.241,9.696,-2.104
21.57,0.003,1.244,9.695,-2.108
21.58,0.006,1.247,9.694,-2.113
21.59,0.009,1.249,9.692,-2.118
21.6,0.012,1.252,9.691,-2.122
21.61,0.015,1.255,9.689,-2.127
21.62,0.017,1.259,9.688,-2.132
21.63,0.02,1.262,9.687,-2.136
21.64,0.021,1.265,9.685,-2.141
21.65,0.023,1.268,9.684,-2.146
21.66,0.024,1.272,9.682,-2.15
21.67,0.024,1.275,9.681,-2.154
21.68,0.023,1.279,9.679,-2.159
21.69,0.022,1.283,9.678,-2.163
21.7,0.02,1.287,9.677,-2.167
21.71,0.017,1.291,9.675,-2.171
21.72,0.014,1.296,9.674,-2.175
21.73,0.011,1.3,9.672,-2.179
21.74,0.006,1.305,9.671,-2.182
21.75,0.002,1.31,9.669,-2.186
21.76,-0.003,1.314,9.668,-2.189
21.77,-0.008,1.319,9.666,-2.193
21.78,-0.014,1.324,9.665,-2.196
21.79,-0.021,1.33,9.663,-2.2
21.8,-0.027,1.335,9.662,-2.203
21.81,-0.034,1.34,9.66,-2.206
21.82,-0.041,1.345,9.659,-2.21
21.83,-0.049,1.351,9.657,-2.213
21.84,-0.057,1.356,9.656,-2.216
21.85,-0.066,1.362,9.654,-2.219
21.86,-0.075,1.368,9.653,-2.222
21.87,-0.084,1.373,9.651,-2.226
21.88,-0.093,1.379,9.649,-2.229
21.89,-0.103,1.385,9.648,-2.232
21.9,-0.113,1.391,9.646,-2.235
21.91,-0.124,1.397,9.644,-2.237
21.92,-0.134,1.403,9.643,-2.24
21.93,-0.145,1.41,9.641,-2.243
21.94,-0.157,1.416,9.639,-2.246
21.95,-0.168,1.422,9.637,-2.249
21.96,-0.18,1.429,9.636,-2.251
21.97,-0.192,1.435,9.634,-2.254
21.98,-0.204,1.442,9.632,-2.257
21.99,-0.216,1.449,9.63,-2.259
22.0,-0.229,1.456,9.628,-2.262
22.01,-0.242,1.463,9.626,-2.265
22.02,-0.255,1.469,9.624,-2.267
22.03,-0.268,1.476,9.622,-2.27
22.04,-0.282,1.483,9.62,-2.272
22.05,-0.295,1.491,9.618,-2.275
22.06,-0.309,1.498,9.616,-2.277
22.07,-0.323,1.505,9.614,-2.28
22.08,-0.337,1.512,9.611,-2.282
22.09,-0.351,1.519,9.609,-2.284
22.1,-0.365,1.526,9.607,-2.287
22.11,-0.379,1.534,9.605,-2.289
22.12,-0.394,1.541,9.602,-2.292
22.13,-0.408,1.548,9.6,-2.294
22.14,-0.423,1.556,9.598,-2.297
22.15,-0.438,1.563,9.595,-2.299
22.16,-0.452,1.571,9.593,-2.301
22.17,-0.467,1.578,9.59,-2.304
22.18,-0.482,1.585,9.588,-2.306
22.19,-0.497,1.593,9.585,-2.309
22.2,-0.512,1.601,9.582,-2.311
22.21,-0.527,1.608,9.58,-2.313
22.22,-0.542,1.616,9.577,-2.315
22.23,-0.557,1.624,9.574,-2.318
22.24,-0.572,1.632,9.572,-2.32
22.25,-0.588,1.64,9.569,-2.322
22.26,-0.603,1.647,9.566,-2.324
22.27,-0.618,1.655,9.563,-2.327
22.28,-0.634,1.663,9.56,-2.329
22.29,-0.649,1.671,9.557,-2.331
22.3,-0.665,1.679,9.554,-2.333
22.31,-0.68,1.687,9.551,-2.336
22.32,-0.696,1.696,9.548,-2.338
22.33,-0.712,1.704,9.545,-2.34
22.34,-0.728,1.712,9.541,-2.342
22.35,-0.744,1.721,9.538,-2.344
22.36,-0.76,1.729,9.535,-2.346
22.37,-0.776,1.738,9.532,-2.348
22.38,-0.792,1.746,9.528,-2.35
22.39,-0.808,1.754,9.525,-2.352
22.4,-0.825,1.763,9.521,-2.354
22.41,-0.841,1.772,9.518,-2.356
22.42,-0.857,1.78,9.514,-2.358
22.43,-0.874,1.789,9.511,-2.36
22.44,-0.89,1.797,9.507,-2.362
22.45,-0.907,1.806,9.503,-2.364
22.46,-0.923,1.815,9.499,-2.366
22.47,-0.94,1.824,9.496,-2.368
22.48,-0.957,1.832,9.492,-2.37
22.49,-0.974,1.841,9.488,-2.372
22.5,-0.991,1.85,9.484,-2.374
22.51,-1.008,1.859,9.48,-2.375
22.52,-1.025,1.868,9.476,-2.377
22.53,-1.042,1.877,9.472,-2.379
22.54,-1.059,1.886,9.468,-2.381
22.55,-1.076,1.896,9.464,-2.382
22.56,-1.093,1.905,9.459,-2.384
22.57,-1.11,1.914,9.455,-2.386
22.58,-1.128,1.923,9.451,-2.388
22.59,-1.145,1.933,9.446,-2.389
22.6,-1.163,1.942,9.442,-2.391
22.61,-1.18,1.952,9.437,-2.392
22.62,-1.198,1.961,9.433,-2.394
22.63,-1.216,1.971,9.428,-2.395
22.64,-1.234,1.981,9.423,-2.396
22.65,-1.252,1.991,9.418,-2.398
22.66,-1.27,2.001,9.413,-2.399
22.67,-1.289,2.011,9.409,-2.4
22.68,-1.307,2.021,9.404,-2.401
22.69,-1.326,2.031,9.398,-2.402
22.7,-1.345,2.041,9.393,-2.403
22.71,-1.363,2.051,9.388,-2.404
22.72,-1.382,2.062,9.383,-2.405
22.73,-1.401,2.072,9.378,-2.406
22.74,-1.42,2.083,9.372,-2.407
22.75,-1.438,2.093,9.367,-2.408
22.76,-1.457,2.104,9.361,-2.409
22.77,-1.476,2.114,9.356,-2.409
22.78,-1.495,2.125,9.35,-2.41
22.79,-1.514,2.135,9.345,-2.411
22.8,-1.533,2.146,9.339,-2.411
22.81,-1.552,2.157,9.333,-2.412
22.82,-1.57,2.168,9.327,-2.413
22.83,-1.589,2.178,9.322,-2.413
22.84,-1.607,2.189,9.316,-2.414
22.85,-1.626,2.2,9.31,-2.414
22.86,-1.645,2.211,9.304,-2.415
22.87,-1.664,2.222,9.298,-2.415
22.88,-1.682,2.233,9.292,-2.416
22.89,-1.701,2.244,9.285,-2.416
22.9,-1.72,2.255,9.279,-2.417
22.91,-1.738,2.266,9.273,-2.417
22.92,-1.757,2.277,9.266,-2.418
22.93,-1.776,2.288,9.26,-2.418
22.94,-1.794,2.299,9.254,-2.419
22.95,-1.813,2.311,9.247,-2.419
22.96,-1.832,2.322,9.24,-2.419
22.97,-1.85,2.333,9.234,-2.419
22.98,-1.869,2.345,9.227,-2.42
22.99,-1.888,2.356,9.22,-2.42
23.0,-1.907,2.367,9.213,-2.42
23.01,-1.926,2.379,9.206,-2.42
23.02,-1.945,2.39,9.199,-2.42
23.03,-1.963,2.402,9.192,-2.42
23.04,-1.982,2.414,9.185,-2.421
23.05,-2.001,2.425,9.178,-2.42
23.06,-2.02,2.437,9.171,-2.42
23.07,-2.039,2.449,9.164,-2.42
23.08,-2.058,2.46,9.156,-2.42
23.09,-2.077,2.472,9.149,-2.42
23.1,-2.096,2.484,9.141,-2.42
23.11,-2.115,2.496,9.134,-2.42
23.12,-2.134,2.508,9.126,-2.419
23.13,-2.152,2.519,9.119,-2.419
23.14,-2.171,2.531,9.111,-2.419
23.15,-2.189,2.543,9.103,-2.419
23.16,-2.208,2.555,9.096,-2.419
23.17,-2.226,2.567,9.088,-2.419
23.18,-2.244,2.579,9.08,-2.418
23.19,-2.262,2.591,9.072,-2.418
23.2,-2.281,2.603,9.064,-2.418
23.21,-2.299,2.615,9.056,-2.418
23.22,-2.317,2.627,9.048,-2.418
23.23,-2.335,2.639,9.04,-2.418
23.24,-2.353,2.651,9.032,-2.418
23.25,-2.371,2.663,9.024,-2.417
23.26,-2.389,2.675,9.015,-2.417
23.27,-2.407,2.687,9.007,-2.417
23.28,-2.425,2.7,8.999,-2.417
23.29,-2.443,2.712,8.99,-2.416
23.3,-2.462,2.724,8.981,-2.416
23.31,-2.48,2.736,8.973,-2.415
23.32,-2.498,2.749,8.964,-2.415
23.33,-2.516,2.761,8.955,-2.415
23.34,-2.534,2.774,8.947,-2.414
23.35,-2.552,2.786,8.938,-2.413
23.36,-2.571,2.798,8.929,-2.413
23.37,-2.589,2.811,8.92,-2.412
23.38,-2.607,2.823,8.911,-2.411
23.39,-2.625,2.835,8.902,-2.411
23.4,-2.643,2.848,8.893,-2.41
23.41,-2.661,2.86,8.884,-2.409
23.42,-2.679,2.872,8.874,-2.408
23.43,-2.698,2.885,8.865,-2.407
23.44,-2.716,2.897,8.856,-2.406
23.45,-2.734,2.91,8.846,-2.405
23.46,-2.752,2.922,8.837,-2.404
23.47,-2.771,2.935,8.827,-2.403
23.48,-2.789,2.947,8.817,-2.402
23.49,-2.808,2.96,8.808,-2.4
23.5,-2.826,2.973,8.798,-2.399
23.51,-2.844,2.985,8.788,-2.398
23.52,-2.862,2.998,8.778,-2.397
23.53,-2.88,3.01,8.769,-2.396
23.54,-2.898,3.023,8.759,-2.395
23.55,-2.915,3.035,8.749,-2.393
23.56,-2.933,3.048,8.739,-2.392
23.57,-2.951,3.061,8.729,-2.391
23.58,-2.969,3.073,8.719,-2.389
23.59,-2.987,3.086,8.708,-2.388
23.6,-3.004,3.099,8.698,-2.387
23.61,-3.022,3.112,8.688,-2.385
23.62,-3.04,3.125,8.677,-2.384
23.63,-3.057,3.138,8.667,-2.382
23.64,-3.075,3.15,8.657,-2.38
23.65,-3.092,3.163,8.646,-2.379
23.66,-3.11,3.176,8.636,-2.377
23.67,-3.127,3.189,8.625,-2.375
23.68,-3.144,3.202,8.614,-2.374
23.69,-3.162,3.215,8.604,-2.372
23.7,-3.179,3.228,8.593,-2.37
23.71,-3.196,3.241,8.582,-2.369
23.72,-3.213,3.254,8.571,-2.367
23.73,-3.23,3.267,8.56,-2.365
23.74,-3.247,3.28,8.55,-2.363
23.75,-3.264,3.293,8.539,-2.362
23.76,-3.28,3.306,8.528,-2.36
23.77,-3.297,3.32,8.517,-2.358
23.78,-3.314,3.333,8.506,-2.356
23.79,-3.33,3.346,8.495,-2.354
23.8,-3.347,3.359,8.483,-2.352
23.81,-3.363,3.372,8.472,-2.351
23.82,-3.379,3.385,8.461,-2.349
23.83,-3.395,3.398,8.45,-2.347
23.84,-3.411,3.411,8.439,-2.345
23.85,-3.427,3.424,8.428,-2.343
23.86,-3.443,3.437,8.416,-2.341
23.87,-3.459,3.45,8.405,-2.339
23.88,-3.474,3.464,8.394,-2.337
23.89,-3.49,3.477,8.382,-2.335
23.9,-3.505,3.49,8.371,-2.333
23.91,-3.52,3.504,8.36,-2.33
23.92,-3.535,3.517,8.348,-2.328
23.93,-3.55,3.531,8.337,-2.326
23.94,-3.565,3.544,8.325,-2.324
23.95,-3.58,3.558,8.314,-2.321
23.96,-3.595,3.571,8.302,-2.319
23.97,-3.609,3.585,8.291,-2.317
23.98,-3.624,3.599,8.279,-2.314
23.99,-3.638,3.612,8.267,-2.312
24.0,-3.653,3.626,8.256,-2.309
24.01,-3.667,3.64,8.244,-2.307
24.02,-3.681,3.654,8.232,-2.304
24.03,-3.696,3.667,8.221,-2.301
24.04,-3.71,3.681,8.209,-2.299
24.05,-3.724,3.695,8.197,-2.296
24.06,-3.737,3.709,8.185,-2.294
24.07,-3.751,3.723,8.173,-2.291
24.08,-3.765,3.736,8.161,-2.289
24.09,-3.778,3.75,8.149,-2.287
24.1,-3.792,3.764,8.138,-2.284
24.11,-3.805,3.778,8.126,-2.282
24.12,-3.818,3.792,8.114,-2.279
24.13,-3.831,3.805,8.102,-2.277
24.14,-3.844,3.819,8.09,-2.275
24.15,-3.857,3.833,8.078,-2.272
24.16,-3.87,3.846,8.066,-2.27
24.17,-3.883,3.86,8.054,-2.268
24.18,-3.895,3.874,8.042,-2.265
24.19,-3.908,3.888,8.03,-2.263
24.2,-3.92,3.902,8.018,-2.261
24.21,-3.932,3.915,8.006,-2.258
24.22,-3.944,3.929,7.993,-2.256
24.23,-3.957,3.943,7.981,-2.253
24.24,-3.969,3.957,7.969,-2.251
24.25,-3.981,3.971,7.957,-2.249
24.26,-3.992,3.985,7.945,-2.246
24.27,-4.004,3.999,7.932,-2.244
24.28,-4.016,4.013,7.92,-2.241
24.29,-4.028,4.027,7.908,-2.239
24.3,-4.039,4.041,7.895,-2.236
24.31,-4.051,4.055,7.883,-2.234
24.32,-4.062,4.069,7.87,-2.232
24.33,-4.074,4.083,7.858,-2.229
24.34,-4.085,4.097,7.846,-2.227
24.35,-4.096,4.111,7.833,-2.224
24.36,-4.107,4.125,7.821,-2.221
24.37,-4.118,4.139,7.808,-2.219
24.38,-4.129,4.153,7.796,-2.216
24.39,-4.14,4.167,7.783,-2.213
24.4,-4.151,4.181,7.771,-2.211
24.41,-4.162,4.195,7.758,-2.208
24.42,-4.173,4.209,7.746,-2.205
24.43,-4.183,4.223,7.733,-2.202
24.44,-4.194,4.237,7.721,-2.2
24.45,-4.204,4.251,7.708,-2.197
24.46,-4.215,4.265,7.695,-2.194
24.47,-4.225,4.279,7.683,-2.191
24.48,-4.235,4.293,7.67,-2.188
24.49,-4.246,4.307,7.657,-2.185
24.5,-4.256,4.321,7.644,-2.182
24.51,-4.266,4.335,7.632,-2.179
24.52,-4.276,4.35,7.619,-2.175
24.53,-4.286,4.364,7.606,-2.172
24.54,-4.295,4.378,7.593,-2.169
24.55,-4.305,4.392,7.581,-2.166
24.56,-4.315,4.406,7.568,-2.162
24.57,-4.324,4.42,7.555,-2.159
24.58,-4.334,4.435,7.542,-2.156
24.59,-4.343,4.449,7.529,-2.152
24.6,-4.352,4.463,7.517,-2.149
24.61,-4.362,4.477,7.504,-2.145
24.62,-4.371,4.492,7.491,-2.142
24.63,-4.38,4.506,7.478,-2.138
24.64,-4.389,4.52,7.465,-2.135
24.65,-4.398,4.534,7.452,-2.131
24.66,-4.407,4.549,7.439,-2.127
24.67,-4.415,4.563,7.427,-2.123
24.68,-4.424,4.577,7.414,-2.12
24.69,-4.433,4.592,7.401,-2.116
24.7,-4.441,4.606,7.388,-2.112
24.71,-4.45,4.62,7.375,-2.108
24.72,-4.458,4.635,7.362,-2.104
24.73,-4.466,4.649,7.349,-2.1
24.74,-4.474,4.663,7.337,-2.096
24.75,-4.482,4.678,7.324,-2.092
24.76,-4.49,4.692,7.311,-2.088
24.77,-4.498,4.706,7.298,-2.084
24.78,-4.506,4.721,7.285,-2.079
24.79,-4.514,4.735,7.272,-2.075
24.8,-4.521,4.749,7.259,-2.071
24.81,-4.529,4.763,7.246,-2.067
24.82,-4.537,4.778,7.233,-2.062
24.83,-4.544,4.792,7.221,-2.058
24.84,-4.551,4.806,7.208,-2.054
24.85,-4.558,4.821,7.195,-2.049
24.86,-4.565,4.835,7.182,-2.045
24.87,-4.572,4.849,7.169,-2.04
24.88,-4.579,4.863,7.157,-2.036
24.89,-4.586,4.878,7.144,-2.031
24.9,-4.592,4.892,7.131,-2.027
24.91,-4.599,4.906,7.118,-2.022
24.92,-4.605,4.92,7.106,-2.017
24.93,-4.612,4.934,7.093,-2.013
24.94,-4.618,4.949,7.081,-2.008
24.95,-4.624,4.963,7.068,-2.004
24.96,-4.63,4.977,7.055,-1.999
24.97,-4.636,4.991,7.043,-1.994
24.98,-4.642,5.006,7.03,-1.989
24.99,-4.648,5.02,7.018,-1.984
25.0,-4.653,5.034,7.005,-1.979
25.01,-4.659,5.048,6.992,-1.974
25.02,-4.665,5.063,6.98,-1.969
25.03,-4.67,5.077,6.967,-1.964
25.04,-4.675,5.091,6.955,-1.959
25.05,-4.681,5.105,6.942,-1.954
25.06,-4.686,5.119,6.93,-1.949
25.07,-4.691,5.134,6.917,-1.944
25.08,-4.695,5.148,6.905,-1.939
25.09,-4.7,5.162,6.892,-1.934
25.1,-4.705,5.176,6.88,-1.929
25.11,-4.709,5.191,6.867,-1.924
25.12,-4.714,5.205,6.855,-1.919
25.13,-4.718,5.219,6.843,-1.914
